hour_of_day,cash_type,money,coffee_name,Time_of_Day,Weekday,Month_name,Weekdaysort,Monthsort,Date,Time
10,card,38.7,Latte,Morning,Fri,Mar,5,3,2024/03/01,15:50.5
12,card,38.7,Hot Chocolate,Afternoon,Fri,Mar,5,3,2024/03/01,19:22.5
12,card,38.7,Hot Chocolate,Afternoon,Fri,Mar,5,3,2024/03/01,20:18.1
13,card,28.9,Americano,Afternoon,Fri,Mar,5,3,2024/03/01,46:33.0
13,card,38.7,Latte,Afternoon,Fri,Mar,5,3,2024/03/01,48:14.6
15,card,33.8,Americano with Milk,Afternoon,Fri,Mar,5,3,2024/03/01,39:47.7
16,card,38.7,Hot Chocolate,Afternoon,Fri,Mar,5,3,2024/03/01,19:02.8
18,card,33.8,Americano with Milk,Night,Fri,Mar,5,3,2024/03/01,39:03.6
19,card,38.7,Cocoa,Night,Fri,Mar,5,3,2024/03/01,22:01.8
19,card,33.8,Americano with Milk,Night,Fri,Mar,5,3,2024/03/01,23:15.9
19,card,33.8,Americano with Milk,Night,Fri,Mar,5,3,2024/03/01,29:17.4
10,card,28.9,Americano,Morning,Sat,Mar,6,3,2024/03/02,22:07.0
10,card,33.8,Americano with Milk,Morning,Sat,Mar,6,3,2024/03/02,41:41.2
11,card,33.8,Americano with Milk,Morning,Sat,Mar,6,3,2024/03/02,59:45.5
14,card,28.9,Americano,Afternoon,Sat,Mar,6,3,2024/03/02,38:35.5
16,card,33.8,Americano with Milk,Afternoon,Sat,Mar,6,3,2024/03/02,37:24.5
17,card,28.9,Americano,Night,Sat,Mar,6,3,2024/03/02,34:55.0
10,card,38.7,Latte,Morning,Sun,Mar,7,3,2024/03/03,27:18.6
11,card,28.9,Cortado,Morning,Sun,Mar,7,3,2024/03/03,33:56.1
12,card,28.9,Americano,Afternoon,Sun,Mar,7,3,2024/03/03,26:56.1
13,card,38.7,Hot Chocolate,Afternoon,Sun,Mar,7,3,2024/03/03,09:36.3
17,card,38.7,Cocoa,Night,Sun,Mar,7,3,2024/03/03,06:40.3
17,card,28.9,Cortado,Night,Sun,Mar,7,3,2024/03/03,08:45.9
18,card,33.8,Americano with Milk,Night,Sun,Mar,7,3,2024/03/03,03:23.4
18,card,33.8,Americano with Milk,Night,Sun,Mar,7,3,2024/03/03,04:27.9
18,card,38.7,Hot Chocolate,Night,Sun,Mar,7,3,2024/03/03,08:05.0
10,card,38.7,Latte,Morning,Mon,Mar,1,3,2024/03/04,03:52.0
10,card,38.7,Latte,Morning,Mon,Mar,1,3,2024/03/04,54:51.0
11,card,33.8,Americano with Milk,Morning,Mon,Mar,1,3,2024/03/04,05:16.2
14,card,24,Espresso,Afternoon,Mon,Mar,1,3,2024/03/04,04:37.7
9,card,38.7,Latte,Morning,Tue,Mar,2,3,2024/03/05,59:52.7
14,card,38.7,Latte,Afternoon,Tue,Mar,2,3,2024/03/05,34:56.0
17,card,38.7,Latte,Night,Tue,Mar,2,3,2024/03/05,34:06.0
17,card,38.7,Hot Chocolate,Night,Tue,Mar,2,3,2024/03/05,35:25.0
17,card,38.7,Cocoa,Night,Tue,Mar,2,3,2024/03/05,36:28.6
17,card,38.7,Hot Chocolate,Night,Tue,Mar,2,3,2024/03/05,37:13.7
17,card,38.7,Hot Chocolate,Night,Tue,Mar,2,3,2024/03/05,38:09.4
17,card,28.9,Cortado,Night,Tue,Mar,2,3,2024/03/05,56:15.8
18,card,38.7,Hot Chocolate,Night,Tue,Mar,2,3,2024/03/05,01:31.2
13,card,28.9,Americano,Afternoon,Wed,Mar,3,3,2024/03/06,24:07.7
13,card,28.9,Cortado,Afternoon,Wed,Mar,3,3,2024/03/06,25:14.4
14,card,38.7,Cappuccino,Afternoon,Wed,Mar,3,3,2024/03/06,52:01.8
14,card,38.7,Cappuccino,Afternoon,Wed,Mar,3,3,2024/03/06,53:18.3
10,card,38.7,Hot Chocolate,Morning,Thu,Mar,4,3,2024/03/07,18:40.5
11,card,38.7,Latte,Morning,Thu,Mar,4,3,2024/03/07,03:59.0
15,card,28.9,Americano,Afternoon,Thu,Mar,4,3,2024/03/07,40:22.6
15,card,33.8,Americano with Milk,Afternoon,Thu,Mar,4,3,2024/03/07,41:28.8
10,card,28.9,Cortado,Morning,Fri,Mar,5,3,2024/03/08,34:41.3
12,card,38.7,Cappuccino,Afternoon,Fri,Mar,5,3,2024/03/08,22:28.7
13,card,28.9,Americano,Afternoon,Fri,Mar,5,3,2024/03/08,53:02.0
14,card,28.9,Americano,Afternoon,Fri,Mar,5,3,2024/03/08,44:12.7
14,card,28.9,Americano,Afternoon,Fri,Mar,5,3,2024/03/08,45:11.0
14,card,33.8,Americano with Milk,Afternoon,Fri,Mar,5,3,2024/03/08,46:11.2
18,card,38.7,Latte,Night,Fri,Mar,5,3,2024/03/08,57:51.5
18,card,38.7,Latte,Night,Fri,Mar,5,3,2024/03/08,59:24.9
12,card,24,Espresso,Afternoon,Sat,Mar,6,3,2024/03/09,05:15.6
12,card,28.9,Americano,Afternoon,Sat,Mar,6,3,2024/03/09,07:38.3
12,card,38.7,Cappuccino,Afternoon,Sat,Mar,6,3,2024/03/09,09:47.7
12,card,28.9,Americano,Afternoon,Sat,Mar,6,3,2024/03/09,13:03.5
12,card,28.9,Americano,Afternoon,Sat,Mar,6,3,2024/03/09,14:26.5
13,card,38.7,Latte,Afternoon,Sat,Mar,6,3,2024/03/09,09:22.2
13,card,33.8,Americano with Milk,Afternoon,Sat,Mar,6,3,2024/03/09,41:06.2
13,card,28.9,Cortado,Afternoon,Sat,Mar,6,3,2024/03/09,53:10.4
13,card,38.7,Cappuccino,Afternoon,Sat,Mar,6,3,2024/03/09,54:36.8
14,card,33.8,Americano with Milk,Afternoon,Sat,Mar,6,3,2024/03/09,08:01.8
14,card,38.7,Hot Chocolate,Afternoon,Sat,Mar,6,3,2024/03/09,26:52.9
19,card,38.7,Cappuccino,Night,Sat,Mar,6,3,2024/03/09,17:57.6
19,card,38.7,Hot Chocolate,Night,Sat,Mar,6,3,2024/03/09,19:10.1
11,card,24,Espresso,Morning,Sun,Mar,7,3,2024/03/10,19:20.8
19,card,38.7,Latte,Night,Sun,Mar,7,3,2024/03/10,34:00.5
19,card,28.9,Cortado,Night,Sun,Mar,7,3,2024/03/10,35:54.7
11,card,38.7,Cappuccino,Morning,Mon,Mar,1,3,2024/03/11,32:58.8
16,card,28.9,Americano,Afternoon,Mon,Mar,1,3,2024/03/11,24:26.4
16,card,38.7,Latte,Afternoon,Mon,Mar,1,3,2024/03/11,25:45.7
16,card,28.9,Cortado,Afternoon,Mon,Mar,1,3,2024/03/11,50:49.6
10,card,28.9,Americano,Morning,Tue,Mar,2,3,2024/03/12,15:34.5
10,card,28.9,Cortado,Morning,Tue,Mar,2,3,2024/03/12,16:24.9
11,card,38.7,Hot Chocolate,Morning,Tue,Mar,2,3,2024/03/12,20:45.6
12,card,33.8,Americano with Milk,Afternoon,Tue,Mar,2,3,2024/03/12,46:23.3
12,card,28.9,Americano,Afternoon,Tue,Mar,2,3,2024/03/12,47:26.0
16,card,28.9,Americano,Afternoon,Tue,Mar,2,3,2024/03/12,15:43.3
11,card,38.7,Hot Chocolate,Morning,Wed,Mar,3,3,2024/03/13,06:43.0
11,card,28.9,Americano,Morning,Wed,Mar,3,3,2024/03/13,48:16.8
12,card,28.9,Americano,Afternoon,Wed,Mar,3,3,2024/03/13,18:06.3
12,card,28.9,Americano,Afternoon,Wed,Mar,3,3,2024/03/13,19:05.1
14,card,33.8,Americano with Milk,Afternoon,Wed,Mar,3,3,2024/03/13,26:40.9
15,card,24,Espresso,Afternoon,Wed,Mar,3,3,2024/03/13,40:22.3
15,card,24,Espresso,Afternoon,Wed,Mar,3,3,2024/03/13,41:20.4
16,card,24,Espresso,Afternoon,Wed,Mar,3,3,2024/03/13,47:09.4
10,card,38.7,Latte,Morning,Thu,Mar,4,3,2024/03/14,28:33.0
10,card,38.7,Hot Chocolate,Morning,Thu,Mar,4,3,2024/03/14,29:34.3
13,card,28.9,Cortado,Afternoon,Thu,Mar,4,3,2024/03/14,27:29.5
13,card,28.9,Americano,Afternoon,Thu,Mar,4,3,2024/03/14,28:24.5
13,card,33.8,Americano with Milk,Afternoon,Thu,Mar,4,3,2024/03/14,51:59.9
13,card,24,Espresso,Afternoon,Thu,Mar,4,3,2024/03/14,52:56.2
15,card,38.7,Latte,Afternoon,Thu,Mar,4,3,2024/03/14,20:38.4
16,card,33.8,Americano with Milk,Afternoon,Thu,Mar,4,3,2024/03/14,04:09.5
16,card,24,Espresso,Afternoon,Thu,Mar,4,3,2024/03/14,54:38.2
18,card,38.7,Hot Chocolate,Night,Thu,Mar,4,3,2024/03/14,58:55.9
19,card,28.9,Cortado,Night,Thu,Mar,4,3,2024/03/14,00:08.7
10,card,38.7,Hot Chocolate,Morning,Fri,Mar,5,3,2024/03/15,53:02.2
18,card,28.9,Americano,Night,Fri,Mar,5,3,2024/03/15,19:27.9
12,card,33.8,Americano with Milk,Afternoon,Sat,Mar,6,3,2024/03/16,06:55.2
12,card,28.9,Americano,Afternoon,Sat,Mar,6,3,2024/03/16,07:53.9
15,card,28.9,Cortado,Afternoon,Sat,Mar,6,3,2024/03/16,58:18.5
16,card,28.9,Cortado,Afternoon,Sat,Mar,6,3,2024/03/16,03:21.7
16,card,28.9,Cortado,Afternoon,Sat,Mar,6,3,2024/03/16,04:11.4
17,card,33.8,Americano with Milk,Night,Sat,Mar,6,3,2024/03/16,58:07.2
12,card,28.9,Cortado,Afternoon,Sun,Mar,7,3,2024/03/17,55:26.1
11,card,28.9,Cortado,Morning,Mon,Mar,1,3,2024/03/18,17:59.7
15,card,28.9,Americano,Afternoon,Mon,Mar,1,3,2024/03/18,31:39.7
15,card,28.9,Americano,Afternoon,Mon,Mar,1,3,2024/03/18,32:38.2
15,card,28.9,Americano,Afternoon,Mon,Mar,1,3,2024/03/18,33:36.7
14,card,38.7,Latte,Afternoon,Tue,Mar,2,3,2024/03/19,02:21.5
14,card,38.7,Latte,Afternoon,Tue,Mar,2,3,2024/03/19,03:19.8
15,card,38.7,Hot Chocolate,Afternoon,Tue,Mar,2,3,2024/03/19,04:36.3
16,card,33.8,Americano with Milk,Afternoon,Tue,Mar,2,3,2024/03/19,53:48.7
11,card,28.9,Cortado,Morning,Wed,Mar,3,3,2024/03/20,41:16.4
12,card,28.9,Cortado,Afternoon,Wed,Mar,3,3,2024/03/20,30:49.0
13,card,38.7,Cappuccino,Afternoon,Wed,Mar,3,3,2024/03/20,16:47.4
16,card,38.7,Cocoa,Afternoon,Wed,Mar,3,3,2024/03/20,42:38.1
17,card,38.7,Latte,Night,Wed,Mar,3,3,2024/03/20,50:28.8
12,card,28.9,Cortado,Afternoon,Thu,Mar,4,3,2024/03/21,25:09.2
12,card,38.7,Cappuccino,Afternoon,Thu,Mar,4,3,2024/03/21,26:17.4
17,card,28.9,Cortado,Night,Thu,Mar,4,3,2024/03/21,22:01.4
19,card,38.7,Latte,Night,Thu,Mar,4,3,2024/03/21,20:36.5
10,card,33.8,Americano with Milk,Morning,Fri,Mar,5,3,2024/03/22,35:53.6
13,card,33.8,Americano with Milk,Afternoon,Fri,Mar,5,3,2024/03/22,29:20.3
17,card,28.9,Americano,Night,Fri,Mar,5,3,2024/03/22,17:03.7
17,card,24,Espresso,Night,Fri,Mar,5,3,2024/03/22,17:59.0
17,card,28.9,Americano,Night,Fri,Mar,5,3,2024/03/22,20:49.5
10,card,38.7,Latte,Morning,Sat,Mar,6,3,2024/03/23,43:59.6
10,card,33.8,Americano with Milk,Morning,Sat,Mar,6,3,2024/03/23,45:07.2
13,card,38.7,Cappuccino,Afternoon,Sat,Mar,6,3,2024/03/23,10:07.7
13,card,38.7,Cocoa,Afternoon,Sat,Mar,6,3,2024/03/23,11:12.2
14,card,33.8,Americano with Milk,Afternoon,Sat,Mar,6,3,2024/03/23,44:41.3
15,card,38.7,Latte,Afternoon,Sat,Mar,6,3,2024/03/23,47:19.1
15,card,33.8,Americano with Milk,Afternoon,Sat,Mar,6,3,2024/03/23,49:33.8
16,card,28.9,Cortado,Afternoon,Sat,Mar,6,3,2024/03/23,00:58.4
18,card,38.7,Latte,Night,Sun,Mar,7,3,2024/03/24,45:08.4
10,card,38.7,Latte,Morning,Mon,Mar,1,3,2024/03/25,31:47.2
14,card,38.7,Latte,Afternoon,Mon,Mar,1,3,2024/03/25,27:09.2
14,card,38.7,Latte,Afternoon,Mon,Mar,1,3,2024/03/25,29:25.3
18,card,33.8,Americano with Milk,Night,Mon,Mar,1,3,2024/03/25,37:30.7
19,card,38.7,Cappuccino,Night,Mon,Mar,1,3,2024/03/25,34:24.5
10,card,38.7,Cocoa,Morning,Tue,Mar,2,3,2024/03/26,35:49.7
10,card,38.7,Latte,Morning,Tue,Mar,2,3,2024/03/26,36:36.2
10,card,38.7,Latte,Morning,Tue,Mar,2,3,2024/03/26,42:30.2
11,card,28.9,Cortado,Morning,Tue,Mar,2,3,2024/03/26,11:47.3
13,card,28.9,Americano,Afternoon,Tue,Mar,2,3,2024/03/26,35:52.8
13,card,28.9,Cortado,Afternoon,Tue,Mar,2,3,2024/03/26,36:49.6
13,card,28.9,Cortado,Afternoon,Tue,Mar,2,3,2024/03/26,37:59.7
13,card,28.9,Americano,Afternoon,Tue,Mar,2,3,2024/03/26,57:53.7
15,card,38.7,Latte,Afternoon,Tue,Mar,2,3,2024/03/26,48:02.3
18,card,38.7,Latte,Night,Tue,Mar,2,3,2024/03/26,33:38.6
18,card,38.7,Hot Chocolate,Night,Tue,Mar,2,3,2024/03/26,34:54.6
11,card,28.9,Cortado,Morning,Wed,Mar,3,3,2024/03/27,04:51.2
11,card,33.8,Americano with Milk,Morning,Wed,Mar,3,3,2024/03/27,05:58.2
12,card,33.8,Americano with Milk,Afternoon,Wed,Mar,3,3,2024/03/27,57:00.5
13,card,38.7,Hot Chocolate,Afternoon,Wed,Mar,3,3,2024/03/27,35:20.0
14,card,38.7,Cappuccino,Afternoon,Wed,Mar,3,3,2024/03/27,22:31.7
14,card,28.9,Americano,Afternoon,Wed,Mar,3,3,2024/03/27,23:35.4
18,card,28.9,Cortado,Night,Wed,Mar,3,3,2024/03/27,30:11.8
14,card,28.9,Cortado,Afternoon,Thu,Mar,4,3,2024/03/28,24:47.1
17,card,28.9,Cortado,Night,Thu,Mar,4,3,2024/03/28,24:46.2
17,card,28.9,Americano,Night,Thu,Mar,4,3,2024/03/28,27:05.3
17,card,38.7,Latte,Night,Thu,Mar,4,3,2024/03/28,32:44.7
10,card,38.7,Latte,Morning,Fri,Mar,5,3,2024/03/29,56:19.5
12,card,38.7,Cappuccino,Afternoon,Fri,Mar,5,3,2024/03/29,34:17.4
12,card,38.7,Cappuccino,Afternoon,Fri,Mar,5,3,2024/03/29,41:32.1
11,card,38.7,Latte,Morning,Sat,Mar,6,3,2024/03/30,59:19.9
16,card,38.7,Latte,Afternoon,Sat,Mar,6,3,2024/03/30,12:31.8
16,card,38.7,Latte,Afternoon,Sat,Mar,6,3,2024/03/30,36:40.5
16,card,33.8,Americano with Milk,Afternoon,Sat,Mar,6,3,2024/03/30,37:57.6
10,card,38.7,Cappuccino,Morning,Sun,Mar,7,3,2024/03/31,40:04.5
10,card,28.9,Americano,Morning,Mon,Apr,1,4,2024/04/01,28:47.6
10,card,33.8,Americano with Milk,Morning,Mon,Apr,1,4,2024/04/01,29:42.3
10,card,33.8,Americano with Milk,Morning,Mon,Apr,1,4,2024/04/01,30:43.7
11,card,33.8,Americano with Milk,Morning,Mon,Apr,1,4,2024/04/01,15:43.8
18,card,33.8,Americano with Milk,Night,Mon,Apr,1,4,2024/04/01,18:42.4
18,card,38.7,Hot Chocolate,Night,Mon,Apr,1,4,2024/04/01,45:27.4
10,card,38.7,Latte,Morning,Tue,Apr,2,4,2024/04/02,01:14.0
16,card,28.9,Americano,Afternoon,Tue,Apr,2,4,2024/04/02,18:34.2
16,card,28.9,Cortado,Afternoon,Tue,Apr,2,4,2024/04/02,19:28.5
10,card,28.9,Cortado,Morning,Wed,Apr,3,4,2024/04/03,19:13.6
10,card,28.9,Americano,Morning,Wed,Apr,3,4,2024/04/03,20:07.7
13,card,38.7,Cappuccino,Afternoon,Wed,Apr,3,4,2024/04/03,12:05.4
10,card,38.7,Latte,Morning,Thu,Apr,4,4,2024/04/04,44:56.0
11,card,38.7,Latte,Morning,Thu,Apr,4,4,2024/04/04,26:38.1
11,card,38.7,Cappuccino,Morning,Thu,Apr,4,4,2024/04/04,27:48.4
12,card,28.9,Cortado,Afternoon,Thu,Apr,4,4,2024/04/04,23:02.2
10,card,28.9,Americano,Morning,Fri,Apr,5,4,2024/04/05,40:42.7
10,card,28.9,Americano,Morning,Fri,Apr,5,4,2024/04/05,42:06.2
11,card,28.9,Cortado,Morning,Fri,Apr,5,4,2024/04/05,06:14.6
12,card,33.8,Americano with Milk,Afternoon,Fri,Apr,5,4,2024/04/05,14:28.0
14,card,38.7,Latte,Afternoon,Fri,Apr,5,4,2024/04/05,23:40.4
14,card,28.9,Cortado,Afternoon,Fri,Apr,5,4,2024/04/05,24:50.4
16,card,24,Espresso,Afternoon,Fri,Apr,5,4,2024/04/05,18:23.6
12,card,33.8,Americano with Milk,Afternoon,Sat,Apr,6,4,2024/04/06,32:31.4
14,card,38.7,Cappuccino,Afternoon,Sat,Apr,6,4,2024/04/06,13:18.7
14,card,28.9,Americano,Afternoon,Sat,Apr,6,4,2024/04/06,14:27.0
14,card,38.7,Latte,Afternoon,Sat,Apr,6,4,2024/04/06,49:50.2
10,card,38.7,Latte,Morning,Sun,Apr,7,4,2024/04/07,12:53.2
12,card,38.7,Cappuccino,Afternoon,Sun,Apr,7,4,2024/04/07,44:31.9
12,card,38.7,Cappuccino,Afternoon,Sun,Apr,7,4,2024/04/07,46:05.1
14,card,28.9,Cortado,Afternoon,Sun,Apr,7,4,2024/04/07,16:24.9
14,card,24,Espresso,Afternoon,Sun,Apr,7,4,2024/04/07,17:30.6
18,card,38.7,Hot Chocolate,Night,Sun,Apr,7,4,2024/04/07,01:16.6
18,card,33.8,Americano with Milk,Night,Sun,Apr,7,4,2024/04/07,02:03.9
10,card,33.8,Americano with Milk,Morning,Mon,Apr,1,4,2024/04/08,58:21.1
10,card,38.7,Cappuccino,Morning,Mon,Apr,1,4,2024/04/08,59:27.6
11,card,28.9,Americano,Morning,Mon,Apr,1,4,2024/04/08,01:20.5
11,card,38.7,Cappuccino,Morning,Mon,Apr,1,4,2024/04/08,04:47.0
16,card,38.7,Latte,Afternoon,Mon,Apr,1,4,2024/04/08,41:37.8
18,card,28.9,Americano,Night,Mon,Apr,1,4,2024/04/08,18:09.7
19,card,33.8,Americano with Milk,Night,Mon,Apr,1,4,2024/04/08,22:27.5
19,card,38.7,Cappuccino,Night,Mon,Apr,1,4,2024/04/08,23:59.3
11,card,38.7,Latte,Morning,Tue,Apr,2,4,2024/04/09,42:28.5
15,card,38.7,Hot Chocolate,Afternoon,Tue,Apr,2,4,2024/04/09,11:48.7
17,card,38.7,Hot Chocolate,Night,Tue,Apr,2,4,2024/04/09,25:23.9
17,card,24,Espresso,Night,Wed,Apr,3,4,2024/04/10,55:31.2
18,card,38.7,Cappuccino,Night,Wed,Apr,3,4,2024/04/10,24:59.3
20,card,38.7,Latte,Night,Wed,Apr,3,4,2024/04/10,04:05.4
10,card,28.9,Americano,Morning,Thu,Apr,4,4,2024/04/11,41:23.2
10,card,28.9,Americano,Morning,Thu,Apr,4,4,2024/04/11,42:59.4
16,card,38.7,Latte,Afternoon,Thu,Apr,4,4,2024/04/11,35:23.1
19,card,38.7,Cappuccino,Night,Thu,Apr,4,4,2024/04/11,16:56.6
19,card,33.8,Americano with Milk,Night,Thu,Apr,4,4,2024/04/11,18:36.6
19,card,38.7,Hot Chocolate,Night,Fri,Apr,5,4,2024/04/12,03:43.4
19,card,28.9,Cortado,Night,Fri,Apr,5,4,2024/04/12,38:23.2
12,card,38.7,Latte,Afternoon,Sat,Apr,6,4,2024/04/13,29:19.8
12,card,28.9,Americano,Afternoon,Sat,Apr,6,4,2024/04/13,43:02.4
16,card,38.7,Cappuccino,Afternoon,Sat,Apr,6,4,2024/04/13,18:03.9
16,card,38.7,Latte,Afternoon,Sat,Apr,6,4,2024/04/13,19:39.8
17,card,38.7,Cappuccino,Night,Sat,Apr,6,4,2024/04/13,51:26.0
17,card,38.7,Cappuccino,Night,Sat,Apr,6,4,2024/04/13,53:19.2
12,card,38.7,Cappuccino,Afternoon,Sun,Apr,7,4,2024/04/14,24:39.0
13,card,28.9,Cortado,Afternoon,Sun,Apr,7,4,2024/04/14,21:49.8
14,card,28.9,Americano,Afternoon,Sun,Apr,7,4,2024/04/14,23:31.6
14,card,28.9,Americano,Afternoon,Sun,Apr,7,4,2024/04/14,24:26.9
14,card,28.9,Americano,Afternoon,Sun,Apr,7,4,2024/04/14,25:18.1
15,card,38.7,Cappuccino,Afternoon,Sun,Apr,7,4,2024/04/14,46:27.7
16,card,28.9,Cortado,Afternoon,Sun,Apr,7,4,2024/04/14,59:54.8
17,card,38.7,Latte,Night,Sun,Apr,7,4,2024/04/14,00:45.4
18,card,38.7,Cappuccino,Night,Sun,Apr,7,4,2024/04/14,38:19.6
11,card,28.9,Americano,Morning,Mon,Apr,1,4,2024/04/15,45:24.6
17,card,28.9,Americano,Night,Mon,Apr,1,4,2024/04/15,01:46.4
17,card,33.8,Americano with Milk,Night,Mon,Apr,1,4,2024/04/15,02:49.7
19,card,33.8,Americano with Milk,Night,Mon,Apr,1,4,2024/04/15,33:03.0
10,card,33.8,Americano with Milk,Morning,Tue,Apr,2,4,2024/04/16,46:25.7
12,card,38.7,Cocoa,Afternoon,Tue,Apr,2,4,2024/04/16,40:47.7
12,card,28.9,Cortado,Afternoon,Tue,Apr,2,4,2024/04/16,52:07.8
15,card,28.9,Americano,Afternoon,Tue,Apr,2,4,2024/04/16,03:16.9
17,card,33.8,Americano with Milk,Night,Tue,Apr,2,4,2024/04/16,42:04.2
17,card,38.7,Cappuccino,Night,Tue,Apr,2,4,2024/04/16,43:23.0
18,card,38.7,Cocoa,Night,Tue,Apr,2,4,2024/04/16,09:05.3
13,card,28.9,Americano,Afternoon,Wed,Apr,3,4,2024/04/17,32:59.8
13,card,24,Espresso,Afternoon,Wed,Apr,3,4,2024/04/17,44:00.2
17,card,38.7,Cappuccino,Night,Wed,Apr,3,4,2024/04/17,01:35.1
17,card,38.7,Cappuccino,Night,Wed,Apr,3,4,2024/04/17,02:40.7
18,card,28.9,Cortado,Night,Wed,Apr,3,4,2024/04/17,14:03.2
11,card,28.9,Americano,Morning,Thu,Apr,4,4,2024/04/18,19:01.7
11,card,28.9,Americano,Morning,Thu,Apr,4,4,2024/04/18,20:05.7
13,card,33.8,Americano with Milk,Afternoon,Thu,Apr,4,4,2024/04/18,49:12.7
13,card,28.9,Cortado,Afternoon,Thu,Apr,4,4,2024/04/18,50:17.3
14,card,38.7,Cappuccino,Afternoon,Thu,Apr,4,4,2024/04/18,34:19.8
14,card,38.7,Latte,Afternoon,Thu,Apr,4,4,2024/04/18,35:49.4
17,card,38.7,Latte,Night,Thu,Apr,4,4,2024/04/18,44:15.8
18,card,38.7,Cappuccino,Night,Thu,Apr,4,4,2024/04/18,21:05.9
19,card,38.7,Hot Chocolate,Night,Thu,Apr,4,4,2024/04/18,39:51.2
19,card,38.7,Hot Chocolate,Night,Thu,Apr,4,4,2024/04/18,40:49.0
10,card,38.7,Latte,Morning,Fri,Apr,5,4,2024/04/19,10:36.3
13,card,33.8,Americano with Milk,Afternoon,Fri,Apr,5,4,2024/04/19,11:47.8
13,card,38.7,Cappuccino,Afternoon,Fri,Apr,5,4,2024/04/19,13:20.9
13,card,38.7,Hot Chocolate,Afternoon,Fri,Apr,5,4,2024/04/19,58:54.1
13,card,38.7,Cappuccino,Afternoon,Fri,Apr,5,4,2024/04/19,59:49.7
18,card,38.7,Cocoa,Night,Fri,Apr,5,4,2024/04/19,23:19.3
18,card,33.8,Americano with Milk,Night,Fri,Apr,5,4,2024/04/19,25:33.4
12,card,33.8,Americano with Milk,Afternoon,Sat,Apr,6,4,2024/04/20,08:35.7
12,card,33.8,Americano with Milk,Afternoon,Sat,Apr,6,4,2024/04/20,09:42.7
13,card,28.9,Americano,Afternoon,Sat,Apr,6,4,2024/04/20,08:37.4
13,card,33.8,Americano with Milk,Afternoon,Sat,Apr,6,4,2024/04/20,09:47.9
13,card,38.7,Hot Chocolate,Afternoon,Sat,Apr,6,4,2024/04/20,10:55.2
14,card,38.7,Cappuccino,Afternoon,Sat,Apr,6,4,2024/04/20,44:18.1
15,card,33.8,Americano with Milk,Afternoon,Sat,Apr,6,4,2024/04/20,11:00.3
15,card,32.82,Americano with Milk,Afternoon,Sat,Apr,6,4,2024/04/20,22:40.7
15,card,32.82,Americano with Milk,Afternoon,Sat,Apr,6,4,2024/04/20,49:25.1
18,card,37.72,Cappuccino,Night,Sat,Apr,6,4,2024/04/20,27:41.5
18,card,37.72,Cappuccino,Night,Sat,Apr,6,4,2024/04/20,28:46.9
19,card,37.72,Latte,Night,Sat,Apr,6,4,2024/04/20,30:55.3
11,card,37.72,Latte,Morning,Sun,Apr,7,4,2024/04/21,16:45.7
14,card,27.92,Americano,Afternoon,Sun,Apr,7,4,2024/04/21,15:37.5
11,card,27.92,Americano,Morning,Mon,Apr,1,4,2024/04/22,09:16.4
11,card,32.82,Americano with Milk,Morning,Mon,Apr,1,4,2024/04/22,29:27.1
19,card,37.72,Latte,Night,Mon,Apr,1,4,2024/04/22,39:04.8
14,card,37.72,Cappuccino,Afternoon,Tue,Apr,2,4,2024/04/23,22:36.0
14,card,32.82,Americano with Milk,Afternoon,Tue,Apr,2,4,2024/04/23,23:53.1
14,card,37.72,Cappuccino,Afternoon,Tue,Apr,2,4,2024/04/23,24:57.5
19,card,32.82,Americano with Milk,Night,Tue,Apr,2,4,2024/04/23,42:27.8
19,card,32.82,Americano with Milk,Night,Tue,Apr,2,4,2024/04/23,43:26.2
10,card,37.72,Latte,Morning,Wed,Apr,3,4,2024/04/24,19:38.3
10,card,32.82,Americano with Milk,Morning,Wed,Apr,3,4,2024/04/24,21:27.3
11,card,32.82,Americano with Milk,Morning,Wed,Apr,3,4,2024/04/24,23:46.1
11,card,32.82,Americano with Milk,Morning,Wed,Apr,3,4,2024/04/24,33:26.3
12,card,32.82,Americano with Milk,Afternoon,Wed,Apr,3,4,2024/04/24,39:09.3
16,card,32.82,Americano with Milk,Afternoon,Wed,Apr,3,4,2024/04/24,39:07.4
19,card,32.82,Americano with Milk,Night,Wed,Apr,3,4,2024/04/24,39:50.0
19,card,37.72,Cappuccino,Night,Wed,Apr,3,4,2024/04/24,40:54.0
10,card,27.92,Americano,Morning,Thu,Apr,4,4,2024/04/25,46:08.1
15,card,37.72,Latte,Afternoon,Thu,Apr,4,4,2024/04/25,18:27.0
17,card,27.92,Americano,Night,Thu,Apr,4,4,2024/04/25,09:43.5
17,card,27.92,Americano,Night,Thu,Apr,4,4,2024/04/25,10:49.2
10,card,37.72,Latte,Morning,Fri,Apr,5,4,2024/04/26,12:50.6
12,card,37.72,Latte,Afternoon,Fri,Apr,5,4,2024/04/26,01:30.6
13,card,37.72,Cappuccino,Afternoon,Fri,Apr,5,4,2024/04/26,31:28.3
15,card,27.92,Americano,Afternoon,Fri,Apr,5,4,2024/04/26,32:35.4
15,card,27.92,Americano,Afternoon,Fri,Apr,5,4,2024/04/26,33:33.1
16,card,27.92,Cortado,Afternoon,Fri,Apr,5,4,2024/04/26,23:26.5
16,card,27.92,Americano,Afternoon,Fri,Apr,5,4,2024/04/26,24:33.8
19,card,37.72,Hot Chocolate,Night,Fri,Apr,5,4,2024/04/26,32:07.1
19,card,37.72,Cocoa,Night,Fri,Apr,5,4,2024/04/26,33:30.2
15,card,37.72,Cappuccino,Afternoon,Sat,Apr,6,4,2024/04/27,27:00.7
10,card,37.72,Latte,Morning,Sun,Apr,7,4,2024/04/28,32:52.5
12,card,37.72,Cappuccino,Afternoon,Sun,Apr,7,4,2024/04/28,30:09.7
18,card,27.92,Americano,Night,Sun,Apr,7,4,2024/04/28,27:08.2
18,card,27.92,Americano,Night,Sun,Apr,7,4,2024/04/28,28:11.4
18,card,37.72,Latte,Night,Sun,Apr,7,4,2024/04/28,29:02.4
11,card,27.92,Cortado,Morning,Mon,Apr,1,4,2024/04/29,26:31.9
13,card,27.92,Americano,Afternoon,Mon,Apr,1,4,2024/04/29,27:56.9
13,card,27.92,Cortado,Afternoon,Mon,Apr,1,4,2024/04/29,28:53.9
13,card,27.92,Cortado,Afternoon,Mon,Apr,1,4,2024/04/29,53:35.7
13,card,32.82,Americano with Milk,Afternoon,Mon,Apr,1,4,2024/04/29,54:24.4
18,card,37.72,Cappuccino,Night,Mon,Apr,1,4,2024/04/29,37:48.4
19,card,37.72,Cappuccino,Night,Mon,Apr,1,4,2024/04/29,12:33.2
19,card,37.72,Cappuccino,Night,Mon,Apr,1,4,2024/04/29,13:37.9
10,card,37.72,Latte,Morning,Tue,Apr,2,4,2024/04/30,16:41.5
10,card,32.82,Americano with Milk,Morning,Tue,Apr,2,4,2024/04/30,34:52.2
10,card,32.82,Americano with Milk,Morning,Tue,Apr,2,4,2024/04/30,35:47.6
13,card,27.92,Americano,Afternoon,Tue,Apr,2,4,2024/04/30,41:52.3
13,card,32.82,Americano with Milk,Afternoon,Tue,Apr,2,4,2024/04/30,43:00.0
19,card,37.72,Cappuccino,Night,Tue,Apr,2,4,2024/04/30,19:18.1
19,card,32.82,Americano with Milk,Night,Tue,Apr,2,4,2024/04/30,30:04.0
19,card,37.72,Latte,Night,Tue,Apr,2,4,2024/04/30,31:21.0
10,card,27.92,Americano,Morning,Thu,May,4,5,2024/05/02,33:55.7
13,card,32.82,Americano with Milk,Afternoon,Thu,May,4,5,2024/05/02,49:39.9
18,card,37.72,Cappuccino,Night,Thu,May,4,5,2024/05/02,36:22.1
18,card,32.82,Americano with Milk,Night,Thu,May,4,5,2024/05/02,41:11.2
19,card,37.72,Latte,Night,Thu,May,4,5,2024/05/02,18:33.1
19,card,37.72,Cappuccino,Night,Thu,May,4,5,2024/05/02,19:56.4
14,card,37.72,Latte,Afternoon,Fri,May,5,5,2024/05/03,30:00.9
17,card,37.72,Latte,Night,Fri,May,5,5,2024/05/03,03:24.9
10,card,27.92,Americano,Morning,Mon,May,1,5,2024/05/06,05:17.9
10,card,37.72,Cappuccino,Morning,Mon,May,1,5,2024/05/06,06:51.6
10,card,32.82,Americano with Milk,Morning,Mon,May,1,5,2024/05/06,08:05.9
10,card,27.92,Americano,Morning,Mon,May,1,5,2024/05/06,09:08.0
10,card,27.92,Cortado,Morning,Mon,May,1,5,2024/05/06,39:12.6
13,card,27.92,Cortado,Afternoon,Mon,May,1,5,2024/05/06,18:11.0
13,card,27.92,Americano,Afternoon,Mon,May,1,5,2024/05/06,19:00.8
19,card,37.72,Cappuccino,Night,Mon,May,1,5,2024/05/06,18:13.0
19,card,37.72,Cappuccino,Night,Mon,May,1,5,2024/05/06,19:49.5
10,card,37.72,Cocoa,Morning,Tue,May,2,5,2024/05/07,44:55.6
11,card,27.92,Cortado,Morning,Tue,May,2,5,2024/05/07,21:58.5
13,card,27.92,Cortado,Afternoon,Tue,May,2,5,2024/05/07,23:34.9
16,card,37.72,Cocoa,Afternoon,Tue,May,2,5,2024/05/07,42:07.9
16,card,27.92,Americano,Afternoon,Tue,May,2,5,2024/05/07,55:38.8
17,card,37.72,Cappuccino,Night,Tue,May,2,5,2024/05/07,37:46.4
17,card,37.72,Latte,Night,Tue,May,2,5,2024/05/07,38:48.2
19,card,37.72,Cappuccino,Night,Tue,May,2,5,2024/05/07,12:12.5
19,card,37.72,Cappuccino,Night,Tue,May,2,5,2024/05/07,13:12.2
10,card,37.72,Latte,Morning,Wed,May,3,5,2024/05/08,07:28.9
12,card,37.72,Cappuccino,Afternoon,Thu,May,4,5,2024/05/09,54:21.8
13,card,27.92,Americano,Afternoon,Thu,May,4,5,2024/05/09,03:58.6
13,card,37.72,Latte,Afternoon,Thu,May,4,5,2024/05/09,04:57.6
13,card,37.72,Latte,Afternoon,Thu,May,4,5,2024/05/09,06:11.3
13,card,37.72,Latte,Afternoon,Thu,May,4,5,2024/05/09,07:16.4
16,card,27.92,Americano,Afternoon,Thu,May,4,5,2024/05/09,55:14.6
16,card,27.92,Americano,Afternoon,Thu,May,4,5,2024/05/09,56:15.0
18,card,27.92,Americano,Night,Thu,May,4,5,2024/05/09,01:29.9
18,card,32.82,Americano with Milk,Night,Thu,May,4,5,2024/05/09,13:56.2
15,card,37.72,Latte,Afternoon,Fri,May,5,5,2024/05/10,46:21.5
15,card,37.72,Latte,Afternoon,Fri,May,5,5,2024/05/10,47:32.5
11,card,37.72,Latte,Morning,Sat,May,6,5,2024/05/11,39:52.9
17,card,32.82,Americano with Milk,Night,Sat,May,6,5,2024/05/11,20:30.4
17,card,37.72,Cocoa,Night,Sat,May,6,5,2024/05/11,21:56.1
17,card,37.72,Cappuccino,Night,Sat,May,6,5,2024/05/11,23:57.3
17,card,32.82,Americano with Milk,Night,Sat,May,6,5,2024/05/11,28:54.1
18,card,37.72,Cappuccino,Night,Sat,May,6,5,2024/05/11,35:40.3
19,card,37.72,Latte,Night,Sat,May,6,5,2024/05/11,38:16.1
10,card,37.72,Latte,Morning,Sun,May,7,5,2024/05/12,20:42.5
13,card,37.72,Latte,Afternoon,Sun,May,7,5,2024/05/12,24:03.5
13,card,27.92,Americano,Afternoon,Sun,May,7,5,2024/05/12,27:39.0
15,card,37.72,Latte,Afternoon,Sun,May,7,5,2024/05/12,16:19.8
15,card,32.82,Americano with Milk,Afternoon,Sun,May,7,5,2024/05/12,38:02.4
15,card,32.82,Americano with Milk,Afternoon,Sun,May,7,5,2024/05/12,52:14.9
16,card,32.82,Americano with Milk,Afternoon,Sun,May,7,5,2024/05/12,04:21.1
19,card,32.82,Americano with Milk,Night,Sun,May,7,5,2024/05/12,41:30.6
11,card,32.82,Americano with Milk,Morning,Mon,May,1,5,2024/05/13,03:53.3
8,card,27.92,Americano,Morning,Tue,May,2,5,2024/05/14,38:14.6
8,card,27.92,Americano,Morning,Tue,May,2,5,2024/05/14,39:25.5
8,card,27.92,Americano,Morning,Tue,May,2,5,2024/05/14,40:17.5
10,card,37.72,Cappuccino,Morning,Tue,May,2,5,2024/05/14,19:23.2
11,card,37.72,Latte,Morning,Tue,May,2,5,2024/05/14,32:29.4
11,card,37.72,Cappuccino,Morning,Tue,May,2,5,2024/05/14,34:12.9
14,card,37.72,Cappuccino,Afternoon,Tue,May,2,5,2024/05/14,04:54.6
14,card,32.82,Americano with Milk,Afternoon,Tue,May,2,5,2024/05/14,06:00.4
15,card,27.92,Americano,Afternoon,Tue,May,2,5,2024/05/14,01:54.8
16,card,32.82,Americano with Milk,Afternoon,Tue,May,2,5,2024/05/14,57:57.2
16,card,37.72,Cappuccino,Afternoon,Tue,May,2,5,2024/05/14,59:10.2
22,card,37.72,Hot Chocolate,Night,Tue,May,2,5,2024/05/14,51:25.2
8,card,37.72,Latte,Morning,Wed,May,3,5,2024/05/15,40:05.7
11,card,23.02,Espresso,Morning,Wed,May,3,5,2024/05/15,14:19.4
11,card,27.92,Americano,Morning,Wed,May,3,5,2024/05/15,19:10.0
13,card,27.92,Americano,Afternoon,Wed,May,3,5,2024/05/15,34:35.1
13,card,27.92,Americano,Afternoon,Wed,May,3,5,2024/05/15,35:29.2
13,card,27.92,Americano,Afternoon,Wed,May,3,5,2024/05/15,36:27.3
13,card,32.82,Americano with Milk,Afternoon,Wed,May,3,5,2024/05/15,55:29.0
14,card,27.92,Cortado,Afternoon,Wed,May,3,5,2024/05/15,38:52.3
14,card,27.92,Cortado,Afternoon,Wed,May,3,5,2024/05/15,39:44.4
17,card,23.02,Espresso,Night,Wed,May,3,5,2024/05/15,28:58.6
20,card,37.72,Cappuccino,Night,Wed,May,3,5,2024/05/15,20:34.8
10,card,32.82,Americano with Milk,Morning,Thu,May,4,5,2024/05/16,38:42.5
10,card,32.82,Americano with Milk,Morning,Thu,May,4,5,2024/05/16,39:49.4
12,card,32.82,Americano with Milk,Afternoon,Thu,May,4,5,2024/05/16,14:00.1
15,card,37.72,Hot Chocolate,Afternoon,Thu,May,4,5,2024/05/16,15:16.3
17,card,37.72,Latte,Night,Thu,May,4,5,2024/05/16,44:31.5
18,card,37.72,Hot Chocolate,Night,Thu,May,4,5,2024/05/16,12:56.9
18,card,37.72,Latte,Night,Thu,May,4,5,2024/05/16,13:58.2
9,card,27.92,Americano,Morning,Fri,May,5,5,2024/05/17,00:48.5
11,card,32.82,Americano with Milk,Morning,Fri,May,5,5,2024/05/17,30:27.6
19,card,32.82,Americano with Milk,Night,Fri,May,5,5,2024/05/17,55:18.5
19,card,37.72,Cappuccino,Night,Fri,May,5,5,2024/05/17,56:46.8
20,card,37.72,Cappuccino,Night,Fri,May,5,5,2024/05/17,37:52.9
22,card,27.92,Americano,Night,Fri,May,5,5,2024/05/17,34:50.8
22,card,37.72,Latte,Night,Fri,May,5,5,2024/05/17,36:33.4
22,card,37.72,Latte,Night,Fri,May,5,5,2024/05/17,37:42.8
8,card,37.72,Cappuccino,Morning,Sat,May,6,5,2024/05/18,01:37.9
8,card,37.72,Cappuccino,Morning,Sat,May,6,5,2024/05/18,02:40.0
11,card,32.82,Americano with Milk,Morning,Sat,May,6,5,2024/05/18,15:56.1
16,card,32.82,Americano with Milk,Afternoon,Sat,May,6,5,2024/05/18,48:29.4
16,card,32.82,Americano with Milk,Afternoon,Sat,May,6,5,2024/05/18,49:27.1
19,card,32.82,Americano with Milk,Night,Sat,May,6,5,2024/05/18,58:44.2
20,card,37.72,Latte,Night,Sat,May,6,5,2024/05/18,22:53.1
7,card,27.92,Americano,Morning,Sun,May,7,5,2024/05/19,58:38.3
7,card,27.92,Americano,Morning,Sun,May,7,5,2024/05/19,59:33.5
8,card,37.72,Cappuccino,Morning,Sun,May,7,5,2024/05/19,00:35.1
12,card,32.82,Americano with Milk,Afternoon,Sun,May,7,5,2024/05/19,14:26.7
14,card,27.92,Americano,Afternoon,Sun,May,7,5,2024/05/19,43:40.0
15,card,32.82,Americano with Milk,Afternoon,Sun,May,7,5,2024/05/19,58:58.2
18,card,32.82,Americano with Milk,Night,Sun,May,7,5,2024/05/19,12:36.3
18,card,23.02,Espresso,Night,Sun,May,7,5,2024/05/19,13:47.8
18,card,37.72,Hot Chocolate,Night,Sun,May,7,5,2024/05/19,16:30.0
19,card,37.72,Cappuccino,Night,Sun,May,7,5,2024/05/19,51:07.0
21,card,37.72,Cappuccino,Night,Sun,May,7,5,2024/05/19,15:41.8
21,card,37.72,Cappuccino,Night,Sun,May,7,5,2024/05/19,18:36.1
10,card,32.82,Americano with Milk,Morning,Mon,May,1,5,2024/05/20,05:59.2
10,card,37.72,Latte,Morning,Mon,May,1,5,2024/05/20,17:51.9
10,card,37.72,Latte,Morning,Mon,May,1,5,2024/05/20,58:48.4
11,card,27.92,Americano,Morning,Mon,May,1,5,2024/05/20,15:16.4
11,card,27.92,Americano,Morning,Mon,May,1,5,2024/05/20,16:19.6
13,card,27.92,Americano,Afternoon,Mon,May,1,5,2024/05/20,27:13.4
13,card,27.92,Americano,Afternoon,Mon,May,1,5,2024/05/20,28:10.4
14,card,32.82,Americano with Milk,Afternoon,Mon,May,1,5,2024/05/20,13:19.0
14,card,37.72,Cappuccino,Afternoon,Mon,May,1,5,2024/05/20,14:31.4
17,card,37.72,Latte,Night,Mon,May,1,5,2024/05/20,12:51.1
17,card,37.72,Latte,Night,Mon,May,1,5,2024/05/20,13:56.9
20,card,32.82,Americano with Milk,Night,Mon,May,1,5,2024/05/20,36:48.3
20,card,37.72,Cocoa,Night,Mon,May,1,5,2024/05/20,37:57.3
20,card,27.92,Cortado,Night,Mon,May,1,5,2024/05/20,46:52.1
21,card,32.82,Americano with Milk,Night,Mon,May,1,5,2024/05/20,36:54.0
21,card,32.82,Americano with Milk,Night,Mon,May,1,5,2024/05/20,37:57.8
8,card,37.72,Latte,Morning,Tue,May,2,5,2024/05/21,27:38.2
16,card,37.72,Latte,Afternoon,Tue,May,2,5,2024/05/21,10:20.0
18,card,23.02,Espresso,Night,Tue,May,2,5,2024/05/21,13:24.0
19,card,37.72,Cappuccino,Night,Tue,May,2,5,2024/05/21,11:09.2
20,card,37.72,Cappuccino,Night,Tue,May,2,5,2024/05/21,13:48.4
9,card,37.72,Cappuccino,Morning,Wed,May,3,5,2024/05/22,34:41.8
10,card,32.82,Americano with Milk,Morning,Wed,May,3,5,2024/05/22,49:47.0
11,card,27.92,Cortado,Morning,Wed,May,3,5,2024/05/22,18:14.3
11,card,32.82,Americano with Milk,Morning,Wed,May,3,5,2024/05/22,34:55.0
12,card,27.92,Americano,Afternoon,Wed,May,3,5,2024/05/22,29:50.8
12,card,27.92,Americano,Afternoon,Wed,May,3,5,2024/05/22,30:43.3
14,card,32.82,Americano with Milk,Afternoon,Wed,May,3,5,2024/05/22,00:20.5
19,card,37.72,Cappuccino,Night,Wed,May,3,5,2024/05/22,24:58.1
19,card,37.72,Cappuccino,Night,Wed,May,3,5,2024/05/22,25:58.6
21,card,37.72,Hot Chocolate,Night,Wed,May,3,5,2024/05/22,21:23:53
21,card,37.72,Cappuccino,Night,Wed,May,3,5,2024/05/22,24:49.6
10,card,37.72,Cappuccino,Morning,Thu,May,4,5,2024/05/23,10:19.6
12,card,23.02,Espresso,Afternoon,Thu,May,4,5,2024/05/23,22:06.6
15,card,37.72,Cappuccino,Afternoon,Thu,May,4,5,2024/05/23,55:16.6
15,card,37.72,Cappuccino,Afternoon,Thu,May,4,5,2024/05/23,56:27.2
16,card,37.72,Cappuccino,Afternoon,Thu,May,4,5,2024/05/23,18:14.1
16,card,37.72,Latte,Afternoon,Thu,May,4,5,2024/05/23,41:00.0
17,card,37.72,Cappuccino,Night,Thu,May,4,5,2024/05/23,14:33.2
17,card,37.72,Latte,Night,Thu,May,4,5,2024/05/23,15:44.9
19,card,27.92,Cortado,Night,Thu,May,4,5,2024/05/23,03:53.9
19,card,37.72,Cappuccino,Night,Thu,May,4,5,2024/05/23,17:28.4
19,card,37.72,Cappuccino,Night,Thu,May,4,5,2024/05/23,18:26.4
19,card,37.72,Cappuccino,Night,Thu,May,4,5,2024/05/23,42:31.5
20,card,37.72,Cappuccino,Night,Thu,May,4,5,2024/05/23,15:01.4
20,card,37.72,Latte,Night,Thu,May,4,5,2024/05/23,16:24.2
22,card,32.82,Americano with Milk,Night,Thu,May,4,5,2024/05/23,48:10.8
11,card,27.92,Cortado,Morning,Fri,May,5,5,2024/05/24,11:59.2
11,card,27.92,Americano,Morning,Fri,May,5,5,2024/05/24,15:08.3
11,card,27.92,Americano,Morning,Fri,May,5,5,2024/05/24,16:13.0
16,card,37.72,Hot Chocolate,Afternoon,Fri,May,5,5,2024/05/24,07:19.8
18,card,27.92,Cortado,Night,Fri,May,5,5,2024/05/24,17:40.3
18,card,27.92,Cortado,Night,Fri,May,5,5,2024/05/24,18:36.7
22,card,32.82,Americano with Milk,Night,Fri,May,5,5,2024/05/24,30:40.2
12,card,37.72,Latte,Afternoon,Sat,May,6,5,2024/05/25,13:53.4
12,card,32.82,Americano with Milk,Afternoon,Sat,May,6,5,2024/05/25,42:10.3
12,card,32.82,Americano with Milk,Afternoon,Sat,May,6,5,2024/05/25,43:13.3
12,card,32.82,Americano with Milk,Afternoon,Sat,May,6,5,2024/05/25,58:12.0
16,card,32.82,Americano with Milk,Afternoon,Sat,May,6,5,2024/05/25,47:09.6
16,card,27.92,Americano,Afternoon,Sat,May,6,5,2024/05/25,48:16.8
10,card,37.72,Latte,Morning,Sun,May,7,5,2024/05/26,20:02.2
14,card,32.82,Americano with Milk,Afternoon,Sun,May,7,5,2024/05/26,24:49.8
14,card,27.92,Cortado,Afternoon,Sun,May,7,5,2024/05/26,26:05.2
14,card,32.82,Americano with Milk,Afternoon,Sun,May,7,5,2024/05/26,40:58.9
17,card,37.72,Cappuccino,Night,Sun,May,7,5,2024/05/26,19:15.5
18,card,37.72,Hot Chocolate,Night,Sun,May,7,5,2024/05/26,09:52.8
18,card,37.72,Hot Chocolate,Night,Sun,May,7,5,2024/05/26,11:02.2
18,card,27.92,Americano,Night,Sun,May,7,5,2024/05/26,13:14.3
18,card,37.72,Latte,Night,Sun,May,7,5,2024/05/26,39:18.8
20,card,37.72,Hot Chocolate,Night,Sun,May,7,5,2024/05/26,59:15.0
21,card,37.72,Cappuccino,Night,Sun,May,7,5,2024/05/26,00:05.6
21,card,27.92,Cortado,Night,Sun,May,7,5,2024/05/26,02:36.9
21,card,37.72,Cappuccino,Night,Sun,May,7,5,2024/05/26,03:51.8
21,card,37.72,Latte,Night,Sun,May,7,5,2024/05/26,04:58.8
21,card,37.72,Cappuccino,Night,Sun,May,7,5,2024/05/26,06:02.6
11,card,27.92,Americano,Morning,Mon,May,1,5,2024/05/27,34:55.3
14,card,32.82,Americano with Milk,Afternoon,Mon,May,1,5,2024/05/27,05:21.7
14,card,37.72,Cocoa,Afternoon,Mon,May,1,5,2024/05/27,06:43.6
15,card,27.92,Americano,Afternoon,Mon,May,1,5,2024/05/27,11:34.1
15,card,27.92,Americano,Afternoon,Mon,May,1,5,2024/05/27,14:05.8
17,card,37.72,Latte,Night,Mon,May,1,5,2024/05/27,50:55.8
18,card,27.92,Americano,Night,Mon,May,1,5,2024/05/27,00:51.0
19,card,37.72,Latte,Night,Mon,May,1,5,2024/05/27,16:27.4
19,card,37.72,Latte,Night,Mon,May,1,5,2024/05/27,17:38.7
21,card,32.82,Americano with Milk,Night,Mon,May,1,5,2024/05/27,29:07.1
21,card,37.72,Cappuccino,Night,Mon,May,1,5,2024/05/27,30:19.8
8,card,32.82,Americano with Milk,Morning,Tue,May,2,5,2024/05/28,37:09.0
9,card,32.82,Americano with Milk,Morning,Tue,May,2,5,2024/05/28,20:10.7
11,card,37.72,Cappuccino,Morning,Tue,May,2,5,2024/05/28,48:18.5
13,card,37.72,Cappuccino,Afternoon,Tue,May,2,5,2024/05/28,14:40.4
14,card,37.72,Cocoa,Afternoon,Tue,May,2,5,2024/05/28,10:53.7
16,card,27.92,Cortado,Afternoon,Tue,May,2,5,2024/05/28,25:39.3
19,card,27.92,Americano,Night,Tue,May,2,5,2024/05/28,09:29.1
19,card,37.72,Latte,Night,Tue,May,2,5,2024/05/28,10:31.1
20,card,32.82,Americano with Milk,Night,Tue,May,2,5,2024/05/28,24:32.2
20,card,27.92,Americano,Night,Tue,May,2,5,2024/05/28,50:19.4
9,card,37.72,Latte,Morning,Wed,May,3,5,2024/05/29,14:43.7
11,card,37.72,Hot Chocolate,Morning,Wed,May,3,5,2024/05/29,14:02.9
15,card,27.92,Americano,Afternoon,Wed,May,3,5,2024/05/29,10:48.5
15,card,37.72,Latte,Afternoon,Wed,May,3,5,2024/05/29,22:56.3
15,card,37.72,Cappuccino,Afternoon,Wed,May,3,5,2024/05/29,45:12.7
16,card,37.72,Latte,Afternoon,Wed,May,3,5,2024/05/29,45:03.9
18,card,27.92,Cortado,Night,Wed,May,3,5,2024/05/29,24:03.3
18,card,37.72,Latte,Night,Wed,May,3,5,2024/05/29,24:59.3
20,card,37.72,Hot Chocolate,Night,Wed,May,3,5,2024/05/29,30:42.2
20,card,37.72,Cocoa,Night,Wed,May,3,5,2024/05/29,32:35.2
8,card,37.72,Cappuccino,Morning,Thu,May,4,5,2024/05/30,29:06.3
8,card,37.72,Latte,Morning,Thu,May,4,5,2024/05/30,30:21.6
8,card,32.82,Americano with Milk,Morning,Thu,May,4,5,2024/05/30,37:05.4
9,card,37.72,Latte,Morning,Thu,May,4,5,2024/05/30,47:59.1
14,card,32.82,Americano with Milk,Afternoon,Thu,May,4,5,2024/05/30,56:15.5
15,card,23.02,Espresso,Afternoon,Thu,May,4,5,2024/05/30,16:15.7
15,card,23.02,Espresso,Afternoon,Thu,May,4,5,2024/05/30,17:38.7
19,card,37.72,Cappuccino,Night,Thu,May,4,5,2024/05/30,53:11.2
20,card,37.72,Latte,Night,Thu,May,4,5,2024/05/30,31:05.4
20,card,37.72,Hot Chocolate,Night,Thu,May,4,5,2024/05/30,46:13.8
20,card,32.82,Americano with Milk,Night,Thu,May,4,5,2024/05/30,47:21.6
7,card,32.82,Americano with Milk,Morning,Fri,May,5,5,2024/05/31,53:57.3
9,card,37.72,Latte,Morning,Fri,May,5,5,2024/05/31,21:07.8
10,card,37.72,Hot Chocolate,Morning,Fri,May,5,5,2024/05/31,38:07.9
10,card,37.72,Cocoa,Morning,Fri,May,5,5,2024/05/31,39:06.1
14,card,32.82,Americano with Milk,Afternoon,Fri,May,5,5,2024/05/31,50:13.0
18,card,37.72,Latte,Night,Fri,May,5,5,2024/05/31,23:44.6
18,card,37.72,Latte,Night,Fri,May,5,5,2024/05/31,25:03.3
20,card,37.72,Cappuccino,Night,Fri,May,5,5,2024/05/31,06:39.2
20,card,32.82,Americano with Milk,Night,Fri,May,5,5,2024/05/31,33:06.4
20,card,37.72,Latte,Night,Fri,May,5,5,2024/05/31,34:32.9
22,card,37.72,Cappuccino,Night,Fri,May,5,5,2024/05/31,05:47.1
22,card,32.82,Americano with Milk,Night,Fri,May,5,5,2024/05/31,06:52.5
22,card,27.92,Cortado,Night,Fri,May,5,5,2024/05/31,07:55.4
8,card,27.92,Cortado,Morning,Sat,Jun,6,6,2024/06/01,27:01.7
9,card,37.72,Latte,Morning,Sat,Jun,6,6,2024/06/01,48:24.7
11,card,37.72,Latte,Morning,Sat,Jun,6,6,2024/06/01,38:09.4
14,card,32.82,Americano with Milk,Afternoon,Sat,Jun,6,6,2024/06/01,28:53.7
18,card,32.82,Americano with Milk,Night,Sat,Jun,6,6,2024/06/01,20:12.8
18,card,32.82,Americano with Milk,Night,Sat,Jun,6,6,2024/06/01,21:15.4
20,card,37.72,Cappuccino,Night,Sat,Jun,6,6,2024/06/01,50:10.5
20,card,37.72,Cappuccino,Night,Sat,Jun,6,6,2024/06/01,51:13.6
20,card,37.72,Cocoa,Night,Sat,Jun,6,6,2024/06/01,59:09.7
21,card,32.82,Americano with Milk,Night,Sat,Jun,6,6,2024/06/01,51:05.0
20,card,37.72,Latte,Night,Sun,Jun,7,6,2024/06/02,03:25.8
20,card,32.82,Americano with Milk,Night,Sun,Jun,7,6,2024/06/02,24:02.4
20,card,37.72,Cappuccino,Night,Sun,Jun,7,6,2024/06/02,25:07.2
21,card,32.82,Americano with Milk,Night,Sun,Jun,7,6,2024/06/02,07:20.5
21,card,37.72,Latte,Night,Sun,Jun,7,6,2024/06/02,30:12.4
10,card,37.72,Latte,Morning,Mon,Jun,1,6,2024/06/03,12:04.1
10,card,37.72,Latte,Morning,Mon,Jun,1,6,2024/06/03,27:49.8
14,card,37.72,Cappuccino,Afternoon,Mon,Jun,1,6,2024/06/03,31:42.3
14,card,32.82,Americano with Milk,Afternoon,Mon,Jun,1,6,2024/06/03,33:01.0
14,card,37.72,Latte,Afternoon,Mon,Jun,1,6,2024/06/03,34:06.9
9,card,27.92,Cortado,Morning,Tue,Jun,2,6,2024/06/04,23:42.9
10,card,32.82,Americano with Milk,Morning,Tue,Jun,2,6,2024/06/04,27:14.0
12,card,37.72,Latte,Afternoon,Tue,Jun,2,6,2024/06/04,02:10.2
12,card,37.72,Hot Chocolate,Afternoon,Tue,Jun,2,6,2024/06/04,05:29.2
15,card,37.72,Latte,Afternoon,Tue,Jun,2,6,2024/06/04,30:32.5
17,card,27.92,Cortado,Night,Tue,Jun,2,6,2024/06/04,46:36.7
17,card,37.72,Cappuccino,Night,Tue,Jun,2,6,2024/06/04,47:28.8
20,card,37.72,Hot Chocolate,Night,Tue,Jun,2,6,2024/06/04,13:01.2
20,card,37.72,Cappuccino,Night,Tue,Jun,2,6,2024/06/04,50:33.9
21,card,27.92,Cortado,Night,Tue,Jun,2,6,2024/06/04,31:58.9
21,card,32.82,Americano with Milk,Night,Tue,Jun,2,6,2024/06/04,33:02.6
21,card,32.82,Americano with Milk,Night,Tue,Jun,2,6,2024/06/04,34:55.7
21,card,32.82,Americano with Milk,Night,Tue,Jun,2,6,2024/06/04,36:06.9
21,card,32.82,Americano with Milk,Night,Tue,Jun,2,6,2024/06/04,37:15.2
8,card,37.72,Cappuccino,Morning,Wed,Jun,3,6,2024/06/05,21:49.0
8,card,37.72,Cappuccino,Morning,Wed,Jun,3,6,2024/06/05,23:06.7
9,card,27.92,Americano,Morning,Wed,Jun,3,6,2024/06/05,22:43.1
10,card,37.72,Latte,Morning,Wed,Jun,3,6,2024/06/05,28:50.6
10,card,32.82,Americano with Milk,Morning,Wed,Jun,3,6,2024/06/05,40:53.2
19,card,32.82,Americano with Milk,Night,Wed,Jun,3,6,2024/06/05,43:57.7
19,card,37.72,Latte,Night,Wed,Jun,3,6,2024/06/05,59:53.5
20,card,37.72,Cocoa,Night,Wed,Jun,3,6,2024/06/05,10:47.6
20,card,27.92,Cortado,Night,Wed,Jun,3,6,2024/06/05,12:01.7
8,card,32.82,Americano with Milk,Morning,Thu,Jun,4,6,2024/06/06,52:56.4
8,card,32.82,Americano with Milk,Morning,Thu,Jun,4,6,2024/06/06,54:08.5
10,card,37.72,Latte,Morning,Thu,Jun,4,6,2024/06/06,36:09.7
12,card,27.92,Americano,Afternoon,Thu,Jun,4,6,2024/06/06,17:41.5
15,card,32.82,Americano with Milk,Afternoon,Thu,Jun,4,6,2024/06/06,11:14.2
15,card,37.72,Cappuccino,Afternoon,Thu,Jun,4,6,2024/06/06,24:06.2
21,card,37.72,Latte,Night,Thu,Jun,4,6,2024/06/06,14:05.1
21,card,37.72,Latte,Night,Thu,Jun,4,6,2024/06/06,15:42.2
21,card,37.72,Cappuccino,Night,Thu,Jun,4,6,2024/06/06,18:26.7
21,card,32.82,Americano with Milk,Night,Thu,Jun,4,6,2024/06/06,19:30.4
21,card,37.72,Latte,Night,Thu,Jun,4,6,2024/06/06,21:04.4
8,card,37.72,Cappuccino,Morning,Fri,Jun,5,6,2024/06/07,18:04.3
10,card,23.02,Espresso,Morning,Fri,Jun,5,6,2024/06/07,35:28.1
13,card,32.82,Americano with Milk,Afternoon,Fri,Jun,5,6,2024/06/07,34:18.3
16,card,27.92,Cortado,Afternoon,Fri,Jun,5,6,2024/06/07,45:42.2
16,card,27.92,Cortado,Afternoon,Fri,Jun,5,6,2024/06/07,47:15.5
9,card,27.92,Cortado,Morning,Sat,Jun,6,6,2024/06/08,04:20.0
9,card,32.82,Americano with Milk,Morning,Sat,Jun,6,6,2024/06/08,26:11.2
20,card,37.72,Cappuccino,Night,Sat,Jun,6,6,2024/06/08,24:54.3
20,card,37.72,Cappuccino,Night,Sat,Jun,6,6,2024/06/08,25:56.3
8,card,37.72,Latte,Morning,Sun,Jun,7,6,2024/06/09,15:52.8
10,card,37.72,Latte,Morning,Sun,Jun,7,6,2024/06/09,30:04.5
10,card,37.72,Cappuccino,Morning,Sun,Jun,7,6,2024/06/09,52:05.8
11,card,27.92,Cortado,Morning,Sun,Jun,7,6,2024/06/09,04:41.3
11,card,23.02,Espresso,Morning,Sun,Jun,7,6,2024/06/09,07:08.1
11,card,37.72,Cappuccino,Morning,Sun,Jun,7,6,2024/06/09,52:49.6
12,card,32.82,Americano with Milk,Afternoon,Sun,Jun,7,6,2024/06/09,11:23.6
12,card,37.72,Latte,Afternoon,Sun,Jun,7,6,2024/06/09,13:08.1
12,card,37.72,Latte,Afternoon,Sun,Jun,7,6,2024/06/09,14:10.8
15,card,27.92,Cortado,Afternoon,Sun,Jun,7,6,2024/06/09,10:30.7
16,card,37.72,Cappuccino,Afternoon,Sun,Jun,7,6,2024/06/09,17:28.2
19,card,32.82,Americano with Milk,Night,Sun,Jun,7,6,2024/06/09,21:19.3
21,card,27.92,Americano,Night,Sun,Jun,7,6,2024/06/09,05:08.8
12,card,37.72,Cappuccino,Afternoon,Mon,Jun,1,6,2024/06/10,47:49.9
12,card,37.72,Latte,Afternoon,Mon,Jun,1,6,2024/06/10,56:48.3
19,card,37.72,Hot Chocolate,Night,Mon,Jun,1,6,2024/06/10,04:28.1
19,card,37.72,Hot Chocolate,Night,Mon,Jun,1,6,2024/06/10,05:22.8
19,card,37.72,Latte,Night,Mon,Jun,1,6,2024/06/10,37:23.6
19,card,37.72,Latte,Night,Mon,Jun,1,6,2024/06/10,38:19.7
10,card,32.82,Americano with Milk,Morning,Tue,Jun,2,6,2024/06/11,38:04.0
18,card,37.72,Latte,Night,Tue,Jun,2,6,2024/06/11,48:25.3
18,card,37.72,Latte,Night,Tue,Jun,2,6,2024/06/11,49:36.4
21,card,37.72,Hot Chocolate,Night,Tue,Jun,2,6,2024/06/11,17:03.3
21,card,32.82,Americano with Milk,Night,Tue,Jun,2,6,2024/06/11,27:41.9
21,card,32.82,Americano with Milk,Night,Tue,Jun,2,6,2024/06/11,28:50.2
10,card,37.72,Hot Chocolate,Morning,Wed,Jun,3,6,2024/06/12,18:18.8
11,card,37.72,Cappuccino,Morning,Wed,Jun,3,6,2024/06/12,51:43.9
17,card,37.72,Latte,Night,Wed,Jun,3,6,2024/06/12,41:17.2
17,card,37.72,Latte,Night,Wed,Jun,3,6,2024/06/12,47:27.9
20,card,37.72,Hot Chocolate,Night,Wed,Jun,3,6,2024/06/12,16:33.6
20,card,32.82,Americano with Milk,Night,Wed,Jun,3,6,2024/06/12,25:34.2
8,card,27.92,Americano,Morning,Thu,Jun,4,6,2024/06/13,54:24.2
8,card,37.72,Latte,Morning,Thu,Jun,4,6,2024/06/13,57:25.6
9,card,32.82,Americano with Milk,Morning,Thu,Jun,4,6,2024/06/13,50:25.0
9,card,27.92,Cortado,Morning,Thu,Jun,4,6,2024/06/13,57:11.5
17,card,32.82,Americano with Milk,Night,Thu,Jun,4,6,2024/06/13,04:58.6
17,card,37.72,Hot Chocolate,Night,Thu,Jun,4,6,2024/06/13,27:46.6
19,card,37.72,Latte,Night,Thu,Jun,4,6,2024/06/13,22:19.1
20,card,32.82,Americano with Milk,Night,Thu,Jun,4,6,2024/06/13,20:51.8
20,card,23.02,Espresso,Night,Thu,Jun,4,6,2024/06/13,43:46.0
20,card,23.02,Espresso,Night,Thu,Jun,4,6,2024/06/13,45:00.6
20,card,32.82,Americano with Milk,Night,Thu,Jun,4,6,2024/06/13,48:17.9
21,card,32.82,Americano with Milk,Night,Thu,Jun,4,6,2024/06/13,02:28.4
7,card,27.92,Cortado,Morning,Fri,Jun,5,6,2024/06/14,46:13.2
10,card,27.92,Americano,Morning,Fri,Jun,5,6,2024/06/14,30:31.6
12,card,37.72,Latte,Afternoon,Fri,Jun,5,6,2024/06/14,14:41.7
18,card,32.82,Americano with Milk,Night,Fri,Jun,5,6,2024/06/14,29:53.4
11,card,37.72,Cappuccino,Morning,Sat,Jun,6,6,2024/06/15,26:02.0
12,card,37.72,Latte,Afternoon,Sat,Jun,6,6,2024/06/15,21:28.1
12,card,32.82,Americano with Milk,Afternoon,Sat,Jun,6,6,2024/06/15,22:46.9
12,card,23.02,Espresso,Afternoon,Sat,Jun,6,6,2024/06/15,23:52.2
12,card,37.72,Cocoa,Afternoon,Sat,Jun,6,6,2024/06/15,24:35.1
12,card,32.82,Americano with Milk,Afternoon,Sat,Jun,6,6,2024/06/15,25:24.0
16,card,32.82,Americano with Milk,Afternoon,Sat,Jun,6,6,2024/06/15,03:29.9
18,card,27.92,Americano,Night,Sat,Jun,6,6,2024/06/15,14:04.6
10,card,32.82,Americano with Milk,Morning,Sun,Jun,7,6,2024/06/16,43:51.5
10,card,37.72,Latte,Morning,Sun,Jun,7,6,2024/06/16,58:41.4
11,card,37.72,Hot Chocolate,Morning,Sun,Jun,7,6,2024/06/16,00:38.2
11,card,37.72,Hot Chocolate,Morning,Sun,Jun,7,6,2024/06/16,01:41.5
12,card,32.82,Americano with Milk,Afternoon,Sun,Jun,7,6,2024/06/16,49:27.6
14,card,23.02,Espresso,Afternoon,Sun,Jun,7,6,2024/06/16,00:39.0
15,card,32.82,Americano with Milk,Afternoon,Sun,Jun,7,6,2024/06/16,02:36.3
15,card,32.82,Americano with Milk,Afternoon,Sun,Jun,7,6,2024/06/16,05:10.4
15,card,37.72,Hot Chocolate,Afternoon,Sun,Jun,7,6,2024/06/16,43:59.6
16,card,37.72,Hot Chocolate,Afternoon,Sun,Jun,7,6,2024/06/16,47:36.5
17,card,32.82,Americano with Milk,Night,Sun,Jun,7,6,2024/06/16,45:17.3
17,card,32.82,Americano with Milk,Night,Sun,Jun,7,6,2024/06/16,46:16.6
8,card,27.92,Americano,Morning,Mon,Jun,1,6,2024/06/17,57:24.0
10,card,27.92,Cortado,Morning,Mon,Jun,1,6,2024/06/17,12:05.1
10,card,27.92,Cortado,Morning,Mon,Jun,1,6,2024/06/17,13:37.6
10,card,37.72,Cappuccino,Morning,Mon,Jun,1,6,2024/06/17,55:51.6
14,card,37.72,Cappuccino,Afternoon,Mon,Jun,1,6,2024/06/17,51:35.4
16,card,37.72,Cappuccino,Afternoon,Mon,Jun,1,6,2024/06/17,50:13.4
16,card,37.72,Cappuccino,Afternoon,Mon,Jun,1,6,2024/06/17,51:11.0
16,card,27.92,Americano,Afternoon,Mon,Jun,1,6,2024/06/17,52:36.3
18,card,27.92,Americano,Night,Mon,Jun,1,6,2024/06/17,51:19.6
21,card,32.82,Americano with Milk,Night,Mon,Jun,1,6,2024/06/17,16:11.5
14,card,27.92,Americano,Afternoon,Tue,Jun,2,6,2024/06/18,04:06.1
14,card,37.72,Cappuccino,Afternoon,Tue,Jun,2,6,2024/06/18,05:12.3
19,card,37.72,Cappuccino,Night,Tue,Jun,2,6,2024/06/18,20:40.6
19,card,37.72,Cappuccino,Night,Tue,Jun,2,6,2024/06/18,21:38.9
20,card,27.92,Cortado,Night,Tue,Jun,2,6,2024/06/18,35:49.5
21,card,32.82,Americano with Milk,Night,Tue,Jun,2,6,2024/06/18,20:49.5
21,card,32.82,Americano with Milk,Night,Tue,Jun,2,6,2024/06/18,22:18.5
7,card,37.72,Latte,Morning,Wed,Jun,3,6,2024/06/19,47:19.8
8,card,27.92,Cortado,Morning,Wed,Jun,3,6,2024/06/19,17:54.5
10,card,27.92,Americano,Morning,Wed,Jun,3,6,2024/06/19,54:00.5
11,card,37.72,Latte,Morning,Wed,Jun,3,6,2024/06/19,11:27.8
11,card,37.72,Cocoa,Morning,Wed,Jun,3,6,2024/06/19,12:31.4
14,card,32.82,Americano with Milk,Afternoon,Wed,Jun,3,6,2024/06/19,21:36.3
18,card,37.72,Cappuccino,Night,Wed,Jun,3,6,2024/06/19,28:43.4
18,card,37.72,Latte,Night,Wed,Jun,3,6,2024/06/19,29:59.0
19,card,32.82,Americano with Milk,Night,Wed,Jun,3,6,2024/06/19,31:31.3
21,card,37.72,Cappuccino,Night,Wed,Jun,3,6,2024/06/19,28:59.5
21,card,32.82,Americano with Milk,Night,Wed,Jun,3,6,2024/06/19,30:03.5
10,card,37.72,Latte,Morning,Thu,Jun,4,6,2024/06/20,50:06.5
18,card,37.72,Latte,Night,Thu,Jun,4,6,2024/06/20,59:02.1
19,card,37.72,Latte,Night,Thu,Jun,4,6,2024/06/20,00:00.2
21,card,37.72,Latte,Night,Thu,Jun,4,6,2024/06/20,39:10.0
21,card,37.72,Latte,Night,Thu,Jun,4,6,2024/06/20,57:40.6
21,card,32.82,Americano with Milk,Night,Thu,Jun,4,6,2024/06/20,59:17.6
9,card,37.72,Latte,Morning,Fri,Jun,5,6,2024/06/21,59:55.9
10,card,27.92,Americano,Morning,Fri,Jun,5,6,2024/06/21,01:40.2
13,card,32.82,Americano with Milk,Afternoon,Fri,Jun,5,6,2024/06/21,19:19.4
13,card,32.82,Americano with Milk,Afternoon,Fri,Jun,5,6,2024/06/21,20:31.5
18,card,23.02,Espresso,Night,Fri,Jun,5,6,2024/06/21,12:16.1
19,card,37.72,Latte,Night,Fri,Jun,5,6,2024/06/21,30:26.7
19,card,37.72,Cappuccino,Night,Fri,Jun,5,6,2024/06/21,47:06.2
19,card,37.72,Cappuccino,Night,Fri,Jun,5,6,2024/06/21,48:06.7
19,card,37.72,Cappuccino,Night,Fri,Jun,5,6,2024/06/21,49:54.5
19,card,37.72,Cappuccino,Night,Fri,Jun,5,6,2024/06/21,51:00.2
19,card,27.92,Americano,Night,Fri,Jun,5,6,2024/06/21,52:18.8
19,card,32.82,Americano with Milk,Night,Fri,Jun,5,6,2024/06/21,55:37.1
8,card,27.92,Cortado,Morning,Sat,Jun,6,6,2024/06/22,39:50.3
9,card,32.82,Americano with Milk,Morning,Sat,Jun,6,6,2024/06/22,37:48.8
12,card,32.82,Americano with Milk,Afternoon,Sat,Jun,6,6,2024/06/22,53:15.5
15,card,37.72,Latte,Afternoon,Sat,Jun,6,6,2024/06/22,37:20.1
22,card,37.72,Cappuccino,Night,Sat,Jun,6,6,2024/06/22,10:23.0
18,card,32.82,Americano with Milk,Night,Sun,Jun,7,6,2024/06/23,12:01.4
18,card,32.82,Americano with Milk,Night,Sun,Jun,7,6,2024/06/23,13:50.6
21,card,37.72,Cappuccino,Night,Sun,Jun,7,6,2024/06/23,06:47.0
21,card,37.72,Latte,Night,Sun,Jun,7,6,2024/06/23,29:07.8
21,card,37.72,Cappuccino,Night,Sun,Jun,7,6,2024/06/23,30:36.4
11,card,32.82,Americano with Milk,Morning,Mon,Jun,1,6,2024/06/24,44:39.9
11,card,37.72,Cappuccino,Morning,Mon,Jun,1,6,2024/06/24,49:36.0
11,card,37.72,Cappuccino,Morning,Mon,Jun,1,6,2024/06/24,50:44.1
15,card,37.72,Latte,Afternoon,Mon,Jun,1,6,2024/06/24,02:29.0
16,card,37.72,Cappuccino,Afternoon,Mon,Jun,1,6,2024/06/24,46:00.6
16,card,37.72,Cappuccino,Afternoon,Mon,Jun,1,6,2024/06/24,47:00.4
8,card,37.72,Latte,Morning,Tue,Jun,2,6,2024/06/25,19:24.2
10,card,32.82,Americano with Milk,Morning,Tue,Jun,2,6,2024/06/25,28:26.4
10,card,32.82,Americano with Milk,Morning,Tue,Jun,2,6,2024/06/25,29:42.4
11,card,37.72,Cappuccino,Morning,Tue,Jun,2,6,2024/06/25,34:52.3
9,card,37.72,Latte,Morning,Wed,Jun,3,6,2024/06/26,33:01.7
16,card,23.02,Espresso,Afternoon,Wed,Jun,3,6,2024/06/26,32:29.5
16,card,27.92,Americano,Afternoon,Wed,Jun,3,6,2024/06/26,34:01.6
21,card,37.72,Latte,Night,Wed,Jun,3,6,2024/06/26,21:53.3
21,card,37.72,Cappuccino,Night,Wed,Jun,3,6,2024/06/26,27:00.8
21,card,32.82,Americano with Milk,Night,Wed,Jun,3,6,2024/06/26,28:14.6
9,card,32.82,Americano with Milk,Morning,Thu,Jun,4,6,2024/06/27,15:43.2
16,card,27.92,Cortado,Afternoon,Thu,Jun,4,6,2024/06/27,16:11:48
21,card,32.82,Americano with Milk,Night,Thu,Jun,4,6,2024/06/27,44:03.4
21,card,37.72,Cappuccino,Night,Thu,Jun,4,6,2024/06/27,50:31.6
8,card,27.92,Cortado,Morning,Fri,Jun,5,6,2024/06/28,08:35.0
17,card,23.02,Espresso,Night,Fri,Jun,5,6,2024/06/28,51:54.0
21,card,32.82,Americano with Milk,Night,Fri,Jun,5,6,2024/06/28,50:55.4
21,card,37.72,Latte,Night,Fri,Jun,5,6,2024/06/28,52:01.9
22,card,37.72,Cappuccino,Night,Fri,Jun,5,6,2024/06/28,28:20.0
9,card,32.82,Americano with Milk,Morning,Sat,Jun,6,6,2024/06/29,47:10.3
11,card,32.82,Americano with Milk,Morning,Sat,Jun,6,6,2024/06/29,40:19.6
11,card,32.82,Americano with Milk,Morning,Sat,Jun,6,6,2024/06/29,41:26.6
12,card,37.72,Cappuccino,Afternoon,Sat,Jun,6,6,2024/06/29,30:24.4
12,card,37.72,Cappuccino,Afternoon,Sat,Jun,6,6,2024/06/29,31:42.6
17,card,37.72,Cappuccino,Night,Sat,Jun,6,6,2024/06/29,23:43.6
17,card,37.72,Hot Chocolate,Night,Sat,Jun,6,6,2024/06/29,24:52.4
21,card,37.72,Latte,Night,Sat,Jun,6,6,2024/06/29,27:22.4
10,card,37.72,Latte,Morning,Sun,Jun,7,6,2024/06/30,28:09.8
13,card,23.02,Espresso,Afternoon,Sun,Jun,7,6,2024/06/30,05:50.6
16,card,37.72,Hot Chocolate,Afternoon,Sun,Jun,7,6,2024/06/30,54:41.7
21,card,32.82,Americano with Milk,Night,Sun,Jun,7,6,2024/06/30,04:09.7
18,card,23.02,Espresso,Night,Mon,Jul,1,7,2024/07/01,07:26.8
18,card,37.72,Cappuccino,Night,Mon,Jul,1,7,2024/07/01,56:51.8
18,card,37.72,Cappuccino,Night,Mon,Jul,1,7,2024/07/01,57:54.3
10,card,32.82,Americano with Milk,Morning,Tue,Jul,2,7,2024/07/02,42:54.1
10,card,27.92,Americano,Morning,Tue,Jul,2,7,2024/07/02,45:00.6
12,card,37.72,Latte,Afternoon,Tue,Jul,2,7,2024/07/02,48:05.2
14,card,27.92,Americano,Afternoon,Tue,Jul,2,7,2024/07/02,03:13.2
16,card,32.82,Americano with Milk,Afternoon,Tue,Jul,2,7,2024/07/02,31:24.3
22,card,32.82,Americano with Milk,Night,Tue,Jul,2,7,2024/07/02,02:23.6
13,card,32.82,Americano with Milk,Afternoon,Wed,Jul,3,7,2024/07/03,51:14.9
16,card,37.72,Cappuccino,Afternoon,Wed,Jul,3,7,2024/07/03,01:16.6
16,card,37.72,Cappuccino,Afternoon,Wed,Jul,3,7,2024/07/03,50:25.2
16,card,32.82,Americano with Milk,Afternoon,Wed,Jul,3,7,2024/07/03,53:15.6
16,card,32.82,Americano with Milk,Afternoon,Wed,Jul,3,7,2024/07/03,54:22.9
16,card,37.72,Latte,Afternoon,Wed,Jul,3,7,2024/07/03,55:31.4
16,card,23.02,Espresso,Afternoon,Wed,Jul,3,7,2024/07/03,59:25.6
17,card,37.72,Cappuccino,Night,Wed,Jul,3,7,2024/07/03,59:01.8
19,card,37.72,Latte,Night,Wed,Jul,3,7,2024/07/03,06:09.1
10,card,32.82,Americano with Milk,Morning,Thu,Jul,4,7,2024/07/04,26:23.7
10,card,27.92,Americano,Morning,Thu,Jul,4,7,2024/07/04,27:30.3
12,card,37.72,Cocoa,Afternoon,Fri,Jul,5,7,2024/07/05,20:28.7
13,card,32.82,Americano with Milk,Afternoon,Fri,Jul,5,7,2024/07/05,43:43.1
13,card,32.82,Americano with Milk,Afternoon,Fri,Jul,5,7,2024/07/05,44:43.8
18,card,23.02,Espresso,Night,Fri,Jul,5,7,2024/07/05,55:56.3
19,card,27.92,Americano,Night,Fri,Jul,5,7,2024/07/05,55:07.8
22,card,23.02,Espresso,Night,Fri,Jul,5,7,2024/07/05,11:56.5
22,card,27.92,Americano,Night,Fri,Jul,5,7,2024/07/05,18:03.3
22,card,27.92,Americano,Night,Fri,Jul,5,7,2024/07/05,18:56.9
22,card,37.72,Cappuccino,Night,Fri,Jul,5,7,2024/07/05,20:01.1
22,card,32.82,Americano with Milk,Night,Fri,Jul,5,7,2024/07/05,21:09.5
10,card,37.72,Latte,Morning,Sat,Jul,6,7,2024/07/06,28:06.8
17,card,32.82,Latte,Night,Sat,Jul,6,7,2024/07/06,15:46.0
17,card,32.82,Latte,Night,Sat,Jul,6,7,2024/07/06,17:01.0
19,card,32.82,Latte,Night,Sat,Jul,6,7,2024/07/06,09:46.1
19,card,27.92,Americano with Milk,Night,Sat,Jul,6,7,2024/07/06,10:39.6
9,card,32.82,Cappuccino,Morning,Sun,Jul,7,7,2024/07/07,04:20.2
9,card,27.92,Americano with Milk,Morning,Sun,Jul,7,7,2024/07/07,14:29.2
9,card,27.92,Americano with Milk,Morning,Sun,Jul,7,7,2024/07/07,15:36.8
9,card,32.82,Cappuccino,Morning,Sun,Jul,7,7,2024/07/07,28:48.9
9,card,32.82,Cappuccino,Morning,Sun,Jul,7,7,2024/07/07,29:56.2
14,card,32.82,Hot Chocolate,Afternoon,Sun,Jul,7,7,2024/07/07,56:30.2
14,card,32.82,Cocoa,Afternoon,Sun,Jul,7,7,2024/07/07,57:47.4
17,card,32.82,Latte,Night,Sun,Jul,7,7,2024/07/07,07:50.3
19,card,32.82,Cappuccino,Night,Sun,Jul,7,7,2024/07/07,33:27.2
20,card,32.82,Hot Chocolate,Night,Sun,Jul,7,7,2024/07/07,01:31.7
22,card,27.92,Americano with Milk,Night,Sun,Jul,7,7,2024/07/07,33:36.3
7,card,32.82,Latte,Morning,Mon,Jul,1,7,2024/07/08,33:07.7
12,card,23.02,Americano,Afternoon,Mon,Jul,1,7,2024/07/08,02:50.4
14,card,23.02,Americano,Afternoon,Mon,Jul,1,7,2024/07/08,40:24.4
19,card,27.92,Americano with Milk,Night,Mon,Jul,1,7,2024/07/08,30:35.0
22,card,32.82,Latte,Night,Mon,Jul,1,7,2024/07/08,14:46.2
10,card,27.92,Americano with Milk,Morning,Tue,Jul,2,7,2024/07/09,26:52.1
10,card,27.92,Americano with Milk,Morning,Tue,Jul,2,7,2024/07/09,40:28.8
11,card,27.92,Americano with Milk,Morning,Tue,Jul,2,7,2024/07/09,21:36.1
11,card,32.82,Cappuccino,Morning,Tue,Jul,2,7,2024/07/09,22:49.9
16,card,27.92,Americano with Milk,Afternoon,Tue,Jul,2,7,2024/07/09,42:59.5
11,card,23.02,Americano,Morning,Wed,Jul,3,7,2024/07/10,10:41.7
12,card,27.92,Americano with Milk,Afternoon,Wed,Jul,3,7,2024/07/10,28:53.7
22,card,32.82,Latte,Night,Wed,Jul,3,7,2024/07/10,13:10.0
11,card,32.82,Hot Chocolate,Morning,Thu,Jul,4,7,2024/07/11,27:27.6
16,card,27.92,Americano with Milk,Afternoon,Thu,Jul,4,7,2024/07/11,48:18.7
22,card,32.82,Latte,Night,Thu,Jul,4,7,2024/07/11,22:13.6
22,card,23.02,Americano,Night,Thu,Jul,4,7,2024/07/11,30:58.5
8,card,23.02,Cortado,Morning,Fri,Jul,5,7,2024/07/12,03:17.5
11,card,32.82,Hot Chocolate,Morning,Fri,Jul,5,7,2024/07/12,48:33.4
22,card,32.82,Hot Chocolate,Night,Fri,Jul,5,7,2024/07/12,33:25.6
22,card,32.82,Hot Chocolate,Night,Fri,Jul,5,7,2024/07/12,34:14.3
22,card,32.82,Hot Chocolate,Night,Fri,Jul,5,7,2024/07/12,35:29.5
10,card,32.82,Latte,Morning,Sat,Jul,6,7,2024/07/13,38:10.3
11,card,32.82,Latte,Morning,Sat,Jul,6,7,2024/07/13,41:38.1
10,card,23.02,Americano,Morning,Sun,Jul,7,7,2024/07/14,54:24.3
10,card,27.92,Americano with Milk,Morning,Sun,Jul,7,7,2024/07/14,55:30.5
10,card,32.82,Cappuccino,Morning,Sun,Jul,7,7,2024/07/14,56:30.3
10,card,32.82,Latte,Morning,Sun,Jul,7,7,2024/07/14,57:54.1
11,card,23.02,Americano,Morning,Sun,Jul,7,7,2024/07/14,02:11.8
22,card,32.82,Latte,Night,Sun,Jul,7,7,2024/07/14,31:30.0
7,card,32.82,Cappuccino,Morning,Mon,Jul,1,7,2024/07/15,33:05.6
12,card,27.92,Americano with Milk,Afternoon,Tue,Jul,2,7,2024/07/16,23:37.5
19,card,32.82,Hot Chocolate,Night,Tue,Jul,2,7,2024/07/16,29:25.5
13,card,27.92,Americano with Milk,Afternoon,Wed,Jul,3,7,2024/07/17,04:59.7
11,card,27.92,Americano with Milk,Morning,Thu,Jul,4,7,2024/07/18,10:13.4
11,card,18.12,Espresso,Morning,Thu,Jul,4,7,2024/07/18,11:23.4
11,card,23.02,Americano,Morning,Thu,Jul,4,7,2024/07/18,32:59.6
11,card,23.02,Americano,Morning,Thu,Jul,4,7,2024/07/18,34:48.4
11,card,23.02,Cortado,Morning,Thu,Jul,4,7,2024/07/18,35:51.5
13,card,32.82,Latte,Afternoon,Thu,Jul,4,7,2024/07/18,23:33.8
18,card,32.82,Cappuccino,Night,Thu,Jul,4,7,2024/07/18,18:23.4
19,card,32.82,Latte,Night,Thu,Jul,4,7,2024/07/18,30:50.6
21,card,32.82,Hot Chocolate,Night,Thu,Jul,4,7,2024/07/18,19:41.8
21,card,32.82,Latte,Night,Thu,Jul,4,7,2024/07/18,21:59.9
21,card,32.82,Latte,Night,Thu,Jul,4,7,2024/07/18,46:18.7
11,card,23.02,Americano,Morning,Fri,Jul,5,7,2024/07/19,03:02.3
11,card,27.92,Americano with Milk,Morning,Fri,Jul,5,7,2024/07/19,16:20.5
12,card,32.82,Latte,Afternoon,Fri,Jul,5,7,2024/07/19,58:37.6
12,card,27.92,Americano with Milk,Afternoon,Fri,Jul,5,7,2024/07/19,59:55.4
14,card,32.82,Latte,Afternoon,Fri,Jul,5,7,2024/07/19,09:20.7
14,card,32.82,Cocoa,Afternoon,Fri,Jul,5,7,2024/07/19,11:22.1
16,card,32.82,Latte,Afternoon,Fri,Jul,5,7,2024/07/19,36:19.3
16,card,32.82,Latte,Afternoon,Fri,Jul,5,7,2024/07/19,37:35.8
8,card,23.02,Americano,Morning,Sat,Jul,6,7,2024/07/20,05:44.5
8,card,32.82,Latte,Morning,Sat,Jul,6,7,2024/07/20,06:48.7
8,card,23.02,Americano,Morning,Sat,Jul,6,7,2024/07/20,07:51.4
9,card,32.82,Latte,Morning,Sat,Jul,6,7,2024/07/20,00:53.6
9,card,32.82,Latte,Morning,Sat,Jul,6,7,2024/07/20,02:27.8
10,card,23.02,Americano,Morning,Sat,Jul,6,7,2024/07/20,39:21.0
15,card,32.82,Latte,Afternoon,Sat,Jul,6,7,2024/07/20,15:09.2
10,card,32.82,Cocoa,Morning,Sun,Jul,7,7,2024/07/21,30:55.8
11,card,32.82,Cappuccino,Morning,Sun,Jul,7,7,2024/07/21,39:28.8
13,card,23.02,Cortado,Afternoon,Sun,Jul,7,7,2024/07/21,34:30.8
13,card,32.82,Latte,Afternoon,Sun,Jul,7,7,2024/07/21,42:31.4
8,card,23.02,Americano,Morning,Mon,Jul,1,7,2024/07/22,13:23.1
8,card,23.02,Americano,Morning,Mon,Jul,1,7,2024/07/22,40:49.6
10,card,27.92,Americano with Milk,Morning,Mon,Jul,1,7,2024/07/22,15:37.3
16,card,32.82,Latte,Afternoon,Mon,Jul,1,7,2024/07/22,44:37.6
8,card,32.82,Latte,Morning,Tue,Jul,2,7,2024/07/23,12:56.2
8,card,23.02,Americano,Morning,Tue,Jul,2,7,2024/07/23,40:19.0
8,card,27.92,Americano with Milk,Morning,Tue,Jul,2,7,2024/07/23,44:53.8
8,card,32.82,Cocoa,Morning,Tue,Jul,2,7,2024/07/23,49:25.1
8,card,32.82,Latte,Morning,Tue,Jul,2,7,2024/07/23,51:10.4
9,card,23.02,Americano,Morning,Tue,Jul,2,7,2024/07/23,01:45.7
10,card,27.92,Americano with Milk,Morning,Tue,Jul,2,7,2024/07/23,03:36.5
15,card,27.92,Americano with Milk,Afternoon,Tue,Jul,2,7,2024/07/23,20:05.0
15,card,32.82,Latte,Afternoon,Tue,Jul,2,7,2024/07/23,21:01.3
21,card,32.82,Latte,Night,Tue,Jul,2,7,2024/07/23,01:40.6
21,card,23.02,Americano,Night,Tue,Jul,2,7,2024/07/23,23:13.5
21,card,23.02,Americano,Night,Tue,Jul,2,7,2024/07/23,24:22.6
9,card,27.92,Americano with Milk,Morning,Wed,Jul,3,7,2024/07/24,16:09.8
9,card,27.92,Americano with Milk,Morning,Wed,Jul,3,7,2024/07/24,38:55.0
9,card,18.12,Espresso,Morning,Wed,Jul,3,7,2024/07/24,54:37.5
11,card,32.82,Cappuccino,Morning,Wed,Jul,3,7,2024/07/24,43:53.1
13,card,32.82,Latte,Afternoon,Wed,Jul,3,7,2024/07/24,55:13.8
14,card,18.12,Espresso,Afternoon,Wed,Jul,3,7,2024/07/24,45:49.8
15,card,32.82,Latte,Afternoon,Wed,Jul,3,7,2024/07/24,18:30.5
19,card,32.82,Cappuccino,Night,Wed,Jul,3,7,2024/07/24,15:05.7
19,card,32.82,Cappuccino,Night,Wed,Jul,3,7,2024/07/24,16:59.8
21,card,27.92,Americano with Milk,Night,Wed,Jul,3,7,2024/07/24,17:36.8
21,card,23.02,Americano,Night,Wed,Jul,3,7,2024/07/24,18:41.3
21,card,23.02,Americano,Night,Wed,Jul,3,7,2024/07/24,25:17.5
7,card,23.02,Americano,Morning,Thu,Jul,4,7,2024/07/25,54:47.9
8,card,32.82,Latte,Morning,Thu,Jul,4,7,2024/07/25,49:18.4
10,card,27.92,Americano with Milk,Morning,Thu,Jul,4,7,2024/07/25,29:44.6
11,card,23.02,Americano,Morning,Thu,Jul,4,7,2024/07/25,26:04.7
15,card,32.82,Cappuccino,Afternoon,Thu,Jul,4,7,2024/07/25,25:06.5
19,card,32.82,Cappuccino,Night,Thu,Jul,4,7,2024/07/25,21:00.8
21,card,23.02,Cortado,Night,Thu,Jul,4,7,2024/07/25,06:01.3
21,card,18.12,Espresso,Night,Thu,Jul,4,7,2024/07/25,06:50.0
22,card,23.02,Cortado,Night,Thu,Jul,4,7,2024/07/25,38:51.3
22,card,32.82,Cocoa,Night,Thu,Jul,4,7,2024/07/25,39:46.8
8,card,32.82,Latte,Morning,Fri,Jul,5,7,2024/07/26,33:01.3
9,card,27.92,Americano with Milk,Morning,Fri,Jul,5,7,2024/07/26,19:37.4
9,card,18.12,Espresso,Morning,Fri,Jul,5,7,2024/07/26,20:34.3
9,card,23.02,Cortado,Morning,Fri,Jul,5,7,2024/07/26,33:11.5
9,card,23.02,Cortado,Morning,Fri,Jul,5,7,2024/07/26,34:16.6
9,card,32.82,Latte,Morning,Fri,Jul,5,7,2024/07/26,59:07.9
10,card,32.82,Latte,Morning,Fri,Jul,5,7,2024/07/26,00:02.7
11,card,27.92,Americano with Milk,Morning,Fri,Jul,5,7,2024/07/26,47:13.9
12,card,27.92,Americano with Milk,Afternoon,Fri,Jul,5,7,2024/07/26,07:01.7
12,card,32.82,Cappuccino,Afternoon,Fri,Jul,5,7,2024/07/26,28:08.0
12,card,32.82,Cappuccino,Afternoon,Fri,Jul,5,7,2024/07/26,29:17.7
13,card,32.82,Latte,Afternoon,Fri,Jul,5,7,2024/07/26,09:56.1
17,card,23.02,Americano,Night,Fri,Jul,5,7,2024/07/26,23:29.3
17,card,32.82,Cappuccino,Night,Fri,Jul,5,7,2024/07/26,58:29.2
21,card,32.82,Latte,Night,Fri,Jul,5,7,2024/07/26,15:09.6
22,card,27.92,Americano with Milk,Night,Fri,Jul,5,7,2024/07/26,49:52.3
9,card,32.82,Cappuccino,Morning,Sat,Jul,6,7,2024/07/27,09:16.5
11,card,27.92,Americano with Milk,Morning,Sat,Jul,6,7,2024/07/27,55:31.4
12,card,27.92,Americano with Milk,Afternoon,Sat,Jul,6,7,2024/07/27,25:10.1
12,card,18.12,Espresso,Afternoon,Sat,Jul,6,7,2024/07/27,26:13.2
12,card,27.92,Americano with Milk,Afternoon,Sat,Jul,6,7,2024/07/27,33:23.1
14,card,18.12,Espresso,Afternoon,Sat,Jul,6,7,2024/07/27,28:41.9
14,card,32.82,Latte,Afternoon,Sat,Jul,6,7,2024/07/27,51:53.2
17,card,32.82,Cappuccino,Night,Sat,Jul,6,7,2024/07/27,02:33.4
17,card,32.82,Cappuccino,Night,Sat,Jul,6,7,2024/07/27,03:39.1
17,card,27.92,Americano with Milk,Night,Sat,Jul,6,7,2024/07/27,09:00.4
17,card,27.92,Americano with Milk,Night,Sat,Jul,6,7,2024/07/27,10:08.1
20,card,32.82,Latte,Night,Sat,Jul,6,7,2024/07/27,55:20.2
22,card,32.82,Cappuccino,Night,Sat,Jul,6,7,2024/07/27,56:23.9
11,card,18.12,Espresso,Morning,Sun,Jul,7,7,2024/07/28,07:25.9
14,card,27.92,Americano with Milk,Afternoon,Sun,Jul,7,7,2024/07/28,17:54.2
14,card,32.82,Latte,Afternoon,Sun,Jul,7,7,2024/07/28,18:52.2
8,card,32.82,Latte,Morning,Mon,Jul,1,7,2024/07/29,12:06.4
9,card,23.02,Americano,Morning,Mon,Jul,1,7,2024/07/29,04:48.0
9,card,27.92,Americano with Milk,Morning,Mon,Jul,1,7,2024/07/29,15:46.2
9,card,23.02,Americano,Morning,Mon,Jul,1,7,2024/07/29,19:44.1
9,card,27.92,Americano with Milk,Morning,Mon,Jul,1,7,2024/07/29,51:24.7
9,card,32.82,Cappuccino,Morning,Mon,Jul,1,7,2024/07/29,58:29.6
10,card,32.82,Hot Chocolate,Morning,Mon,Jul,1,7,2024/07/29,43:44.0
10,card,32.82,Hot Chocolate,Morning,Mon,Jul,1,7,2024/07/29,44:55.8
19,card,32.82,Cappuccino,Night,Mon,Jul,1,7,2024/07/29,06:31.1
19,card,23.02,Americano,Night,Mon,Jul,1,7,2024/07/29,30:16.3
21,card,32.82,Cocoa,Night,Mon,Jul,1,7,2024/07/29,57:34.4
7,card,27.92,Americano with Milk,Morning,Tue,Jul,2,7,2024/07/30,41:10.9
8,card,23.02,Cortado,Morning,Tue,Jul,2,7,2024/07/30,05:07.2
8,card,32.82,Cappuccino,Morning,Tue,Jul,2,7,2024/07/30,20:51.1
9,card,27.92,Americano with Milk,Morning,Tue,Jul,2,7,2024/07/30,13:43.2
10,card,23.02,Cortado,Morning,Tue,Jul,2,7,2024/07/30,17:11.1
10,card,27.92,Americano with Milk,Morning,Tue,Jul,2,7,2024/07/30,19:34.2
10,card,32.82,Latte,Morning,Tue,Jul,2,7,2024/07/30,23:20.1
11,card,23.02,Americano,Morning,Tue,Jul,2,7,2024/07/30,12:07.4
11,card,18.12,Espresso,Morning,Tue,Jul,2,7,2024/07/30,13:16.2
11,card,27.92,Americano with Milk,Morning,Tue,Jul,2,7,2024/07/30,14:41.7
11,card,27.92,Americano with Milk,Morning,Tue,Jul,2,7,2024/07/30,16:01.6
11,card,27.92,Americano with Milk,Morning,Tue,Jul,2,7,2024/07/30,30:34.7
11,card,27.92,Americano with Milk,Morning,Tue,Jul,2,7,2024/07/30,31:40.8
12,card,32.82,Latte,Afternoon,Tue,Jul,2,7,2024/07/30,08:07.5
15,card,27.92,Americano with Milk,Afternoon,Tue,Jul,2,7,2024/07/30,16:09.6
16,card,23.02,Cortado,Afternoon,Tue,Jul,2,7,2024/07/30,08:52.9
16,card,27.92,Americano with Milk,Afternoon,Tue,Jul,2,7,2024/07/30,09:43.6
20,card,18.12,Espresso,Night,Tue,Jul,2,7,2024/07/30,24:19.9
20,card,27.92,Americano with Milk,Night,Tue,Jul,2,7,2024/07/30,53:51.9
20,card,27.92,Americano with Milk,Night,Tue,Jul,2,7,2024/07/30,54:46.3
20,card,27.92,Americano with Milk,Night,Tue,Jul,2,7,2024/07/30,57:02.3
21,card,32.82,Latte,Night,Tue,Jul,2,7,2024/07/30,33:19.2
22,card,23.02,Americano,Night,Tue,Jul,2,7,2024/07/30,15:21.5
22,card,32.82,Cappuccino,Night,Tue,Jul,2,7,2024/07/30,16:19.3
7,card,27.92,Americano with Milk,Morning,Wed,Jul,3,7,2024/07/31,59:52.1
8,card,27.92,Americano with Milk,Morning,Wed,Jul,3,7,2024/07/31,37:41.9
8,card,27.92,Americano with Milk,Morning,Wed,Jul,3,7,2024/07/31,38:38.2
9,card,23.02,Americano,Morning,Wed,Jul,3,7,2024/07/31,54:45.3
9,card,23.02,Americano,Morning,Wed,Jul,3,7,2024/07/31,55:45.1
9,card,27.92,Americano with Milk,Morning,Wed,Jul,3,7,2024/07/31,58:15.9
13,card,32.82,Cocoa,Afternoon,Wed,Jul,3,7,2024/07/31,11:42.6
13,card,32.82,Latte,Afternoon,Wed,Jul,3,7,2024/07/31,14:00.3
13,card,27.92,Americano with Milk,Afternoon,Wed,Jul,3,7,2024/07/31,24:49.4
17,card,23.02,Cortado,Night,Wed,Jul,3,7,2024/07/31,48:06.8
18,card,32.82,Latte,Night,Wed,Jul,3,7,2024/07/31,04:15.0
19,card,23.02,Cortado,Night,Wed,Jul,3,7,2024/07/31,22:38.9
19,card,32.82,Latte,Night,Wed,Jul,3,7,2024/07/31,28:45.1
20,card,32.82,Cocoa,Night,Wed,Jul,3,7,2024/07/31,46:42.4
20,card,23.02,Cortado,Night,Wed,Jul,3,7,2024/07/31,50:07.4
20,card,32.82,Latte,Night,Wed,Jul,3,7,2024/07/31,51:10.4
20,card,32.82,Cappuccino,Night,Wed,Jul,3,7,2024/07/31,52:14.8
20,card,23.02,Cortado,Night,Wed,Jul,3,7,2024/07/31,53:35.1
20,card,27.92,Americano with Milk,Night,Wed,Jul,3,7,2024/07/31,59:25.0
21,card,32.82,Latte,Night,Wed,Jul,3,7,2024/07/31,21:26:26
21,card,32.82,Latte,Night,Wed,Jul,3,7,2024/07/31,54:11.8
21,card,32.82,Latte,Night,Wed,Jul,3,7,2024/07/31,55:16.6
7,card,27.92,Americano with Milk,Morning,Thu,Aug,4,8,2024/08/01,31:00.1
9,card,27.92,Americano with Milk,Morning,Thu,Aug,4,8,2024/08/01,25:20.1
11,card,27.92,Americano with Milk,Morning,Thu,Aug,4,8,2024/08/01,04:14.1
11,card,27.92,Americano with Milk,Morning,Thu,Aug,4,8,2024/08/01,22:46.4
13,card,23.02,Cortado,Afternoon,Thu,Aug,4,8,2024/08/01,22:46.6
13,card,32.82,Cappuccino,Afternoon,Thu,Aug,4,8,2024/08/01,23:37.3
13,card,32.82,Cappuccino,Afternoon,Thu,Aug,4,8,2024/08/01,49:07.3
15,card,27.92,Americano with Milk,Afternoon,Thu,Aug,4,8,2024/08/01,43:43.8
16,card,27.92,Americano with Milk,Afternoon,Thu,Aug,4,8,2024/08/01,24:00.7
16,card,23.02,Americano,Afternoon,Thu,Aug,4,8,2024/08/01,26:07.3
17,card,23.02,Americano,Night,Thu,Aug,4,8,2024/08/01,23:35.2
20,card,32.82,Cappuccino,Night,Thu,Aug,4,8,2024/08/01,41:28.1
9,card,27.92,Americano with Milk,Morning,Fri,Aug,5,8,2024/08/02,01:54.2
9,card,27.92,Americano with Milk,Morning,Fri,Aug,5,8,2024/08/02,35:02.9
11,card,23.02,Cortado,Morning,Fri,Aug,5,8,2024/08/02,09:19.5
18,card,27.92,Americano with Milk,Night,Fri,Aug,5,8,2024/08/02,08:35.3
21,card,32.82,Latte,Night,Fri,Aug,5,8,2024/08/02,23:04.4
8,card,27.92,Americano with Milk,Morning,Sat,Aug,6,8,2024/08/03,53:46.7
9,card,27.92,Americano with Milk,Morning,Sat,Aug,6,8,2024/08/03,37:19.2
9,card,27.92,Americano with Milk,Morning,Sat,Aug,6,8,2024/08/03,38:41.0
10,card,27.92,Americano with Milk,Morning,Sat,Aug,6,8,2024/08/03,12:25.6
11,card,23.02,Cortado,Morning,Sat,Aug,6,8,2024/08/03,20:26.6
11,card,23.02,Cortado,Morning,Sat,Aug,6,8,2024/08/03,11:21:22
11,card,18.12,Espresso,Morning,Sat,Aug,6,8,2024/08/03,56:36.6
11,card,27.92,Americano with Milk,Morning,Sat,Aug,6,8,2024/08/03,57:31.3
12,card,27.92,Americano with Milk,Afternoon,Sat,Aug,6,8,2024/08/03,03:35.8
16,card,27.92,Americano with Milk,Afternoon,Sat,Aug,6,8,2024/08/03,53:59.9
18,card,32.82,Cappuccino,Night,Sat,Aug,6,8,2024/08/03,38:42.0
21,card,32.82,Latte,Night,Sat,Aug,6,8,2024/08/03,30:49.0
21,card,32.82,Latte,Night,Sat,Aug,6,8,2024/08/03,33:06.3
8,card,32.82,Cappuccino,Morning,Sun,Aug,7,8,2024/08/04,18:37.3
10,card,27.92,Americano with Milk,Morning,Sun,Aug,7,8,2024/08/04,37:51.1
11,card,32.82,Cappuccino,Morning,Sun,Aug,7,8,2024/08/04,50:54.6
11,card,27.92,Americano with Milk,Morning,Sun,Aug,7,8,2024/08/04,52:33.0
15,card,32.82,Cappuccino,Afternoon,Sun,Aug,7,8,2024/08/04,33:52.1
15,card,32.82,Cappuccino,Afternoon,Sun,Aug,7,8,2024/08/04,35:05.9
8,card,23.02,Cortado,Morning,Mon,Aug,1,8,2024/08/05,50:05.8
9,card,27.92,Americano with Milk,Morning,Mon,Aug,1,8,2024/08/05,19:19.2
11,card,23.02,Cortado,Morning,Mon,Aug,1,8,2024/08/05,20:47.4
13,card,32.82,Cappuccino,Afternoon,Mon,Aug,1,8,2024/08/05,45:22.5
16,card,32.82,Latte,Afternoon,Mon,Aug,1,8,2024/08/05,05:57.7
16,card,32.82,Latte,Afternoon,Mon,Aug,1,8,2024/08/05,07:18.8
17,card,32.82,Latte,Night,Mon,Aug,1,8,2024/08/05,44:24.5
17,card,27.92,Americano with Milk,Night,Mon,Aug,1,8,2024/08/05,45:32.1
19,card,32.82,Latte,Night,Mon,Aug,1,8,2024/08/05,20:02.7
19,card,32.82,Latte,Night,Mon,Aug,1,8,2024/08/05,34:51.5
20,card,32.82,Cocoa,Night,Mon,Aug,1,8,2024/08/05,49:30.9
20,card,32.82,Cocoa,Night,Mon,Aug,1,8,2024/08/05,50:21.9
22,card,27.92,Americano with Milk,Night,Mon,Aug,1,8,2024/08/05,43:48.2
10,card,23.02,Cortado,Morning,Tue,Aug,2,8,2024/08/06,21:03.3
10,card,32.82,Hot Chocolate,Morning,Tue,Aug,2,8,2024/08/06,32:32.3
17,card,32.82,Cappuccino,Night,Tue,Aug,2,8,2024/08/06,40:49.2
17,card,32.82,Latte,Night,Tue,Aug,2,8,2024/08/06,42:52.7
17,card,32.82,Cocoa,Night,Tue,Aug,2,8,2024/08/06,44:05.1
19,card,32.82,Latte,Night,Tue,Aug,2,8,2024/08/06,04:04.5
19,card,27.92,Americano with Milk,Night,Tue,Aug,2,8,2024/08/06,05:23.1
20,card,32.82,Latte,Night,Tue,Aug,2,8,2024/08/06,04:27.1
8,card,27.92,Americano with Milk,Morning,Wed,Aug,3,8,2024/08/07,55:48.5
12,card,23.02,Americano,Afternoon,Wed,Aug,3,8,2024/08/07,12:26.8
12,card,23.02,Americano,Afternoon,Wed,Aug,3,8,2024/08/07,13:40.7
13,card,18.12,Espresso,Afternoon,Wed,Aug,3,8,2024/08/07,11:16.2
16,card,23.02,Americano,Afternoon,Wed,Aug,3,8,2024/08/07,19:01.7
19,card,32.82,Latte,Night,Wed,Aug,3,8,2024/08/07,36:22.7
20,card,32.82,Cocoa,Night,Wed,Aug,3,8,2024/08/07,40:09.3
21,card,32.82,Cappuccino,Night,Wed,Aug,3,8,2024/08/07,18:12.0
22,card,32.82,Latte,Night,Wed,Aug,3,8,2024/08/07,28:56.7
22,card,32.82,Latte,Night,Wed,Aug,3,8,2024/08/07,32:16.0
8,card,18.12,Espresso,Morning,Thu,Aug,4,8,2024/08/08,46:36.2
8,card,23.02,Cortado,Morning,Thu,Aug,4,8,2024/08/08,47:28.7
12,card,27.92,Americano with Milk,Afternoon,Thu,Aug,4,8,2024/08/08,27:05.4
12,card,23.02,Cortado,Afternoon,Thu,Aug,4,8,2024/08/08,43:19.6
12,card,23.02,Cortado,Afternoon,Thu,Aug,4,8,2024/08/08,44:15.0
16,card,32.82,Cappuccino,Afternoon,Thu,Aug,4,8,2024/08/08,57:53.3
17,card,32.82,Cappuccino,Night,Thu,Aug,4,8,2024/08/08,17:51.7
21,card,27.92,Americano with Milk,Night,Thu,Aug,4,8,2024/08/08,25:59.3
7,card,32.82,Latte,Morning,Fri,Aug,5,8,2024/08/09,35:22.3
9,card,23.02,Americano,Morning,Fri,Aug,5,8,2024/08/09,53:34.6
10,card,23.02,Cortado,Morning,Fri,Aug,5,8,2024/08/09,13:07.5
10,card,27.92,Americano with Milk,Morning,Fri,Aug,5,8,2024/08/09,26:47.2
11,card,32.82,Latte,Morning,Fri,Aug,5,8,2024/08/09,28:08.7
11,card,23.02,Americano,Morning,Fri,Aug,5,8,2024/08/09,29:48.7
18,card,23.02,Americano,Night,Fri,Aug,5,8,2024/08/09,56:27.7
19,card,32.82,Hot Chocolate,Night,Fri,Aug,5,8,2024/08/09,03:06.6
8,card,32.82,Cappuccino,Morning,Sat,Aug,6,8,2024/08/10,36:44.6
8,card,27.92,Americano with Milk,Morning,Sat,Aug,6,8,2024/08/10,37:57.1
8,card,23.02,Cortado,Morning,Sat,Aug,6,8,2024/08/10,45:09.0
11,card,23.02,Cortado,Morning,Sat,Aug,6,8,2024/08/10,52:33.8
11,card,23.02,Americano,Morning,Sat,Aug,6,8,2024/08/10,54:23.5
12,card,32.82,Latte,Afternoon,Sat,Aug,6,8,2024/08/10,15:10.9
12,card,27.92,Americano with Milk,Afternoon,Sat,Aug,6,8,2024/08/10,33:12.5
16,card,32.82,Latte,Afternoon,Sat,Aug,6,8,2024/08/10,06:12.1
21,card,32.82,Cocoa,Night,Sat,Aug,6,8,2024/08/10,16:48.6
21,card,32.82,Cocoa,Night,Sat,Aug,6,8,2024/08/10,17:41.1
21,card,32.82,Cocoa,Night,Sat,Aug,6,8,2024/08/10,37:41.5
9,card,32.82,Latte,Morning,Sun,Aug,7,8,2024/08/11,52:36.6
9,card,32.82,Latte,Morning,Sun,Aug,7,8,2024/08/11,53:43.6
10,card,27.92,Americano with Milk,Morning,Sun,Aug,7,8,2024/08/11,17:23.6
11,card,32.82,Cappuccino,Morning,Sun,Aug,7,8,2024/08/11,56:41.1
11,card,27.92,Americano with Milk,Morning,Sun,Aug,7,8,2024/08/11,57:41.3
12,card,23.02,Cortado,Afternoon,Sun,Aug,7,8,2024/08/11,20:19.6
15,card,32.82,Latte,Afternoon,Sun,Aug,7,8,2024/08/11,53:51.6
15,card,27.92,Americano with Milk,Afternoon,Sun,Aug,7,8,2024/08/11,55:14.9
15,card,32.82,Cocoa,Afternoon,Sun,Aug,7,8,2024/08/11,56:27.7
16,card,32.82,Cappuccino,Afternoon,Sun,Aug,7,8,2024/08/11,27:35.1
16,card,18.12,Espresso,Afternoon,Sun,Aug,7,8,2024/08/11,28:38.3
21,card,23.02,Cortado,Night,Sun,Aug,7,8,2024/08/11,30:32.5
21,card,32.82,Latte,Night,Sun,Aug,7,8,2024/08/11,41:09.1
21,card,32.82,Latte,Night,Sun,Aug,7,8,2024/08/11,43:10.1
22,card,32.82,Cappuccino,Night,Sun,Aug,7,8,2024/08/11,39:29.9
8,card,32.82,Hot Chocolate,Morning,Mon,Aug,1,8,2024/08/12,26:19.5
11,card,27.92,Americano with Milk,Morning,Mon,Aug,1,8,2024/08/12,15:04.8
11,card,23.02,Americano,Morning,Mon,Aug,1,8,2024/08/12,19:29.5
11,card,32.82,Latte,Morning,Mon,Aug,1,8,2024/08/12,20:23.6
11,card,32.82,Latte,Morning,Mon,Aug,1,8,2024/08/12,44:28.4
14,card,18.12,Espresso,Afternoon,Mon,Aug,1,8,2024/08/12,04:03.4
14,card,27.92,Americano with Milk,Afternoon,Mon,Aug,1,8,2024/08/12,05:06.9
15,card,27.92,Americano with Milk,Afternoon,Mon,Aug,1,8,2024/08/12,33:33.1
18,card,27.92,Americano with Milk,Night,Mon,Aug,1,8,2024/08/12,05:04.8
21,card,27.92,Americano with Milk,Night,Mon,Aug,1,8,2024/08/12,25:49.4
21,card,32.82,Latte,Night,Mon,Aug,1,8,2024/08/12,37:38.0
22,card,32.82,Cappuccino,Night,Mon,Aug,1,8,2024/08/12,58:20.1
22,card,32.82,Cappuccino,Night,Mon,Aug,1,8,2024/08/12,59:18.5
8,card,27.92,Americano with Milk,Morning,Tue,Aug,2,8,2024/08/13,44:30.2
9,card,27.92,Americano with Milk,Morning,Tue,Aug,2,8,2024/08/13,14:21.6
9,card,27.92,Americano with Milk,Morning,Tue,Aug,2,8,2024/08/13,45:56.4
10,card,23.02,Cortado,Morning,Tue,Aug,2,8,2024/08/13,42:08.8
11,card,32.82,Latte,Morning,Tue,Aug,2,8,2024/08/13,59:47.6
13,card,27.92,Americano with Milk,Afternoon,Tue,Aug,2,8,2024/08/13,01:41.5
14,card,32.82,Latte,Afternoon,Tue,Aug,2,8,2024/08/13,45:39.7
15,card,32.82,Cappuccino,Afternoon,Tue,Aug,2,8,2024/08/13,47:56.7
15,card,27.92,Americano with Milk,Afternoon,Tue,Aug,2,8,2024/08/13,55:29.6
20,card,32.82,Latte,Night,Tue,Aug,2,8,2024/08/13,29:34.5
20,card,32.82,Cocoa,Night,Tue,Aug,2,8,2024/08/13,30:37.2
20,card,32.82,Cappuccino,Night,Tue,Aug,2,8,2024/08/13,44:23.0
21,card,23.02,Cortado,Night,Tue,Aug,2,8,2024/08/13,00:44.7
7,card,32.82,Latte,Morning,Wed,Aug,3,8,2024/08/14,35:48.1
7,card,32.82,Cappuccino,Morning,Wed,Aug,3,8,2024/08/14,36:55.6
10,card,23.02,Cortado,Morning,Wed,Aug,3,8,2024/08/14,09:29.1
11,card,18.12,Espresso,Morning,Wed,Aug,3,8,2024/08/14,39:07.9
12,card,23.02,Americano,Afternoon,Wed,Aug,3,8,2024/08/14,49:17.0
12,card,23.02,Americano,Afternoon,Wed,Aug,3,8,2024/08/14,51:04.9
15,card,32.82,Latte,Afternoon,Wed,Aug,3,8,2024/08/14,21:27.3
17,card,23.02,Americano,Night,Wed,Aug,3,8,2024/08/14,24:22.8
18,card,23.02,Cortado,Night,Wed,Aug,3,8,2024/08/14,10:03.7
18,card,27.92,Americano with Milk,Night,Wed,Aug,3,8,2024/08/14,59:18.3
19,card,32.82,Latte,Night,Wed,Aug,3,8,2024/08/14,34:51.7
19,card,23.02,Cortado,Night,Wed,Aug,3,8,2024/08/14,35:48.5
21,card,32.82,Latte,Night,Wed,Aug,3,8,2024/08/14,41:33.0
9,card,23.02,Cortado,Morning,Thu,Aug,4,8,2024/08/15,36:11.2
9,card,32.82,Cappuccino,Morning,Thu,Aug,4,8,2024/08/15,37:02.2
9,card,32.82,Hot Chocolate,Morning,Thu,Aug,4,8,2024/08/15,38:04.9
9,card,32.82,Latte,Morning,Thu,Aug,4,8,2024/08/15,38:49.7
12,card,32.82,Latte,Afternoon,Thu,Aug,4,8,2024/08/15,38:37.6
13,card,32.82,Latte,Afternoon,Thu,Aug,4,8,2024/08/15,48:13.6
14,card,23.02,Americano,Afternoon,Thu,Aug,4,8,2024/08/15,17:48.2
14,card,18.12,Espresso,Afternoon,Thu,Aug,4,8,2024/08/15,18:50.8
17,card,27.92,Americano with Milk,Night,Thu,Aug,4,8,2024/08/15,53:52.2
19,card,32.82,Hot Chocolate,Night,Thu,Aug,4,8,2024/08/15,10:58.2
19,card,27.92,Americano with Milk,Night,Thu,Aug,4,8,2024/08/15,11:54.0
19,card,27.92,Americano with Milk,Night,Thu,Aug,4,8,2024/08/15,41:30.2
19,card,23.02,Americano,Night,Thu,Aug,4,8,2024/08/15,42:38.0
20,card,32.82,Cappuccino,Night,Thu,Aug,4,8,2024/08/15,40:41.5
21,card,18.12,Espresso,Night,Thu,Aug,4,8,2024/08/15,35:20.1
21,card,27.92,Americano with Milk,Night,Thu,Aug,4,8,2024/08/15,36:11.0
12,card,32.82,Latte,Afternoon,Fri,Aug,5,8,2024/08/16,29:16.7
12,card,23.02,Americano,Afternoon,Fri,Aug,5,8,2024/08/16,54:17.5
13,card,27.92,Americano with Milk,Afternoon,Fri,Aug,5,8,2024/08/16,36:12.8
15,card,18.12,Espresso,Afternoon,Fri,Aug,5,8,2024/08/16,18:51.7
15,card,18.12,Espresso,Afternoon,Fri,Aug,5,8,2024/08/16,19:39.3
9,card,27.92,Americano with Milk,Morning,Sat,Aug,6,8,2024/08/17,16:53.5
9,card,32.82,Cappuccino,Morning,Sat,Aug,6,8,2024/08/17,18:09.0
10,card,27.92,Americano with Milk,Morning,Sat,Aug,6,8,2024/08/17,53:41.3
11,card,23.02,Cortado,Morning,Sat,Aug,6,8,2024/08/17,58:41.6
11,card,23.02,Cortado,Morning,Sat,Aug,6,8,2024/08/17,59:28.3
13,card,27.92,Americano with Milk,Afternoon,Sat,Aug,6,8,2024/08/17,18:40.2
16,card,23.02,Cortado,Afternoon,Sat,Aug,6,8,2024/08/17,31:54.8
16,card,32.82,Latte,Afternoon,Sat,Aug,6,8,2024/08/17,33:49.0
18,card,32.82,Cappuccino,Night,Sat,Aug,6,8,2024/08/17,48:58.9
21,card,27.92,Americano with Milk,Night,Sat,Aug,6,8,2024/08/17,18:56.8
22,card,32.82,Latte,Night,Sat,Aug,6,8,2024/08/17,42:39.4
8,card,32.82,Cappuccino,Morning,Sun,Aug,7,8,2024/08/18,09:42.6
8,card,32.82,Cappuccino,Morning,Sun,Aug,7,8,2024/08/18,32:05.6
8,card,23.02,Cortado,Morning,Sun,Aug,7,8,2024/08/18,41:06.2
8,card,27.92,Americano with Milk,Morning,Sun,Aug,7,8,2024/08/18,56:01.3
12,card,32.82,Cappuccino,Afternoon,Sun,Aug,7,8,2024/08/18,31:40.9
14,card,27.92,Americano with Milk,Afternoon,Sun,Aug,7,8,2024/08/18,30:21.6
18,card,27.92,Americano with Milk,Night,Sun,Aug,7,8,2024/08/18,24:10.8
18,card,27.92,Americano with Milk,Night,Sun,Aug,7,8,2024/08/18,26:03.8
18,card,23.02,Americano,Night,Sun,Aug,7,8,2024/08/18,27:17.6
18,card,23.02,Americano,Night,Sun,Aug,7,8,2024/08/18,28:13.1
15,card,27.92,Americano with Milk,Afternoon,Mon,Aug,1,8,2024/08/19,09:49.0
15,card,27.92,Americano with Milk,Afternoon,Mon,Aug,1,8,2024/08/19,10:51.2
21,card,32.82,Latte,Night,Mon,Aug,1,8,2024/08/19,21:12.1
21,card,32.82,Cocoa,Night,Mon,Aug,1,8,2024/08/19,31:57.0
8,card,23.02,Cortado,Morning,Tue,Aug,2,8,2024/08/20,27:16.4
8,card,32.82,Latte,Morning,Tue,Aug,2,8,2024/08/20,29:14.9
8,card,18.12,Espresso,Morning,Tue,Aug,2,8,2024/08/20,49:47.5
8,card,23.02,Cortado,Morning,Tue,Aug,2,8,2024/08/20,50:36.3
9,card,27.92,Americano with Milk,Morning,Tue,Aug,2,8,2024/08/20,14:54.9
11,card,23.02,Americano,Morning,Tue,Aug,2,8,2024/08/20,09:55.6
11,card,23.02,Americano,Morning,Tue,Aug,2,8,2024/08/20,11:39.1
11,card,23.02,Americano,Morning,Tue,Aug,2,8,2024/08/20,12:31.2
11,card,32.82,Latte,Morning,Tue,Aug,2,8,2024/08/20,11:42:20
20,card,32.82,Latte,Night,Tue,Aug,2,8,2024/08/20,42:40.9
20,card,32.82,Latte,Night,Tue,Aug,2,8,2024/08/20,44:14.9
20,card,32.82,Latte,Night,Tue,Aug,2,8,2024/08/20,45:12.3
20,card,32.82,Latte,Night,Tue,Aug,2,8,2024/08/20,46:04.0
7,card,27.92,Americano with Milk,Morning,Wed,Aug,3,8,2024/08/21,59:13.1
8,card,23.02,Cortado,Morning,Wed,Aug,3,8,2024/08/21,40:27.4
10,card,23.02,Americano,Morning,Wed,Aug,3,8,2024/08/21,13:32.4
10,card,27.92,Americano with Milk,Morning,Wed,Aug,3,8,2024/08/21,38:44.5
11,card,23.02,Cortado,Morning,Wed,Aug,3,8,2024/08/21,51:41.4
13,card,32.82,Latte,Afternoon,Wed,Aug,3,8,2024/08/21,17:10.8
19,card,32.82,Latte,Night,Wed,Aug,3,8,2024/08/21,42:03.5
9,card,23.02,Cortado,Morning,Thu,Aug,4,8,2024/08/22,22:26.3
10,card,27.92,Americano with Milk,Morning,Thu,Aug,4,8,2024/08/22,09:23.5
10,card,27.92,Americano with Milk,Morning,Thu,Aug,4,8,2024/08/22,47:59.4
14,card,32.82,Latte,Afternoon,Thu,Aug,4,8,2024/08/22,16:12.1
14,card,32.82,Latte,Afternoon,Thu,Aug,4,8,2024/08/22,26:58.3
15,card,32.82,Cappuccino,Afternoon,Thu,Aug,4,8,2024/08/22,07:07.4
15,card,23.02,Americano,Afternoon,Thu,Aug,4,8,2024/08/22,27:27.3
7,card,32.82,Latte,Morning,Fri,Aug,5,8,2024/08/23,43:16.1
8,card,23.02,Cortado,Morning,Fri,Aug,5,8,2024/08/23,21:48.1
8,card,32.82,Latte,Morning,Fri,Aug,5,8,2024/08/23,22:56.6
8,card,23.02,Americano,Morning,Fri,Aug,5,8,2024/08/23,33:38.7
8,card,23.02,Americano,Morning,Fri,Aug,5,8,2024/08/23,34:35.0
9,card,27.92,Americano with Milk,Morning,Fri,Aug,5,8,2024/08/23,14:52.0
10,card,32.82,Cocoa,Morning,Fri,Aug,5,8,2024/08/23,10:58.7
10,card,23.02,Americano,Morning,Fri,Aug,5,8,2024/08/23,11:55.5
10,card,23.02,Cortado,Morning,Fri,Aug,5,8,2024/08/23,39:12.3
11,card,32.82,Hot Chocolate,Morning,Fri,Aug,5,8,2024/08/23,12:59.4
13,card,23.02,Americano,Afternoon,Fri,Aug,5,8,2024/08/23,24:54.7
15,card,23.02,Americano,Afternoon,Fri,Aug,5,8,2024/08/23,28:52.8
19,card,32.82,Latte,Night,Fri,Aug,5,8,2024/08/23,48:02.8
8,card,23.02,Cortado,Morning,Sat,Aug,6,8,2024/08/24,13:42.3
8,card,23.02,Cortado,Morning,Sat,Aug,6,8,2024/08/24,14:47.6
8,card,23.02,Cortado,Morning,Sat,Aug,6,8,2024/08/24,44:11.6
10,card,18.12,Espresso,Morning,Sat,Aug,6,8,2024/08/24,18:09.5
10,card,18.12,Espresso,Morning,Sat,Aug,6,8,2024/08/24,18:52.3
10,card,23.02,Americano,Morning,Sat,Aug,6,8,2024/08/24,19:49.2
8,card,23.02,Cortado,Morning,Sun,Aug,7,8,2024/08/25,14:37.4
8,card,23.02,Americano,Morning,Sun,Aug,7,8,2024/08/25,26:27.7
8,card,23.02,Americano,Morning,Sun,Aug,7,8,2024/08/25,27:36.4
9,card,32.82,Cappuccino,Morning,Sun,Aug,7,8,2024/08/25,24:22.3
12,card,32.82,Cappuccino,Afternoon,Sun,Aug,7,8,2024/08/25,41:42.7
14,card,32.82,Latte,Afternoon,Sun,Aug,7,8,2024/08/25,53:02.7
8,card,23.02,Cortado,Morning,Mon,Aug,1,8,2024/08/26,11:47.3
8,card,23.02,Americano,Morning,Mon,Aug,1,8,2024/08/26,16:09.6
8,card,23.02,Americano,Morning,Mon,Aug,1,8,2024/08/26,17:23.2
9,card,27.92,Americano with Milk,Morning,Mon,Aug,1,8,2024/08/26,21:36.7
10,card,32.82,Latte,Morning,Mon,Aug,1,8,2024/08/26,37:44.5
10,card,32.82,Cappuccino,Morning,Mon,Aug,1,8,2024/08/26,38:49.0
12,card,23.02,Americano,Afternoon,Mon,Aug,1,8,2024/08/26,45:13.2
12,card,23.02,Americano,Afternoon,Mon,Aug,1,8,2024/08/26,46:23.6
18,card,27.92,Americano with Milk,Night,Mon,Aug,1,8,2024/08/26,53:27.8
18,card,32.82,Latte,Night,Mon,Aug,1,8,2024/08/26,54:31.3
22,card,27.92,Americano with Milk,Night,Mon,Aug,1,8,2024/08/26,55:39.9
10,card,32.82,Latte,Morning,Tue,Aug,2,8,2024/08/27,04:04.6
12,card,27.92,Americano with Milk,Afternoon,Wed,Aug,3,8,2024/08/28,08:18.8
12,card,32.82,Cappuccino,Afternoon,Wed,Aug,3,8,2024/08/28,10:04.1
12,card,23.02,Americano,Afternoon,Wed,Aug,3,8,2024/08/28,35:06.9
13,card,27.92,Americano with Milk,Afternoon,Wed,Aug,3,8,2024/08/28,48:35.2
7,card,23.02,Americano,Morning,Thu,Aug,4,8,2024/08/29,29:30.3
17,card,32.82,Latte,Night,Fri,Aug,5,8,2024/08/30,13:30.5
17,card,27.92,Americano with Milk,Night,Fri,Aug,5,8,2024/08/30,14:32.8
17,card,27.92,Americano with Milk,Night,Fri,Aug,5,8,2024/08/30,15:35.4
9,card,23.02,Cortado,Morning,Sat,Aug,6,8,2024/08/31,08:32.5
10,card,27.92,Americano with Milk,Morning,Sat,Aug,6,8,2024/08/31,02:08.2
10,card,18.12,Espresso,Morning,Sat,Aug,6,8,2024/08/31,22:26.9
11,card,27.92,Americano with Milk,Morning,Sat,Aug,6,8,2024/08/31,29:54.6
11,card,23.02,Cortado,Morning,Sat,Aug,6,8,2024/08/31,33:39.9
11,card,23.02,Cortado,Morning,Sat,Aug,6,8,2024/08/31,34:32.9
9,card,23.02,Cortado,Morning,Sun,Sep,7,9,2024/09/01,34:15.2
12,card,32.82,Cappuccino,Afternoon,Sun,Sep,7,9,2024/09/01,11:24.7
12,card,27.92,Americano with Milk,Afternoon,Sun,Sep,7,9,2024/09/01,30:08.6
12,card,23.02,Americano,Afternoon,Sun,Sep,7,9,2024/09/01,32:22.0
12,card,27.92,Americano with Milk,Afternoon,Sun,Sep,7,9,2024/09/01,50:17.4
13,card,32.82,Latte,Afternoon,Sun,Sep,7,9,2024/09/01,57:33.9
14,card,27.92,Americano with Milk,Afternoon,Sun,Sep,7,9,2024/09/01,44:04.0
17,card,32.82,Latte,Night,Sun,Sep,7,9,2024/09/01,20:46.3
17,card,32.82,Latte,Night,Sun,Sep,7,9,2024/09/01,23:13.9
17,card,32.82,Latte,Night,Sun,Sep,7,9,2024/09/01,24:49.7
8,card,32.82,Latte,Morning,Mon,Sep,1,9,2024/09/02,24:39.8
8,card,27.92,Americano with Milk,Morning,Mon,Sep,1,9,2024/09/02,50:17.6
8,card,32.82,Latte,Morning,Mon,Sep,1,9,2024/09/02,51:33.1
14,card,27.92,Americano with Milk,Afternoon,Mon,Sep,1,9,2024/09/02,58:47.1
20,card,32.82,Cappuccino,Night,Mon,Sep,1,9,2024/09/02,09:43.9
20,card,32.82,Cocoa,Night,Mon,Sep,1,9,2024/09/02,11:17.9
20,card,23.02,Americano,Night,Mon,Sep,1,9,2024/09/02,52:32.0
20,card,23.02,Americano,Night,Mon,Sep,1,9,2024/09/02,53:29.1
8,card,32.82,Cocoa,Morning,Tue,Sep,2,9,2024/09/03,22:15.4
8,card,32.82,Cappuccino,Morning,Tue,Sep,2,9,2024/09/03,28:12.4
8,card,32.82,Latte,Morning,Tue,Sep,2,9,2024/09/03,41:11.7
9,card,27.92,Americano with Milk,Morning,Tue,Sep,2,9,2024/09/03,03:12.5
9,card,32.82,Cappuccino,Morning,Tue,Sep,2,9,2024/09/03,04:11.7
9,card,32.82,Cocoa,Morning,Tue,Sep,2,9,2024/09/03,12:48.2
9,card,32.82,Cocoa,Morning,Tue,Sep,2,9,2024/09/03,13:33.7
9,card,27.92,Americano with Milk,Morning,Tue,Sep,2,9,2024/09/03,17:02.2
9,card,27.92,Americano with Milk,Morning,Tue,Sep,2,9,2024/09/03,20:17.2
9,card,32.82,Latte,Morning,Tue,Sep,2,9,2024/09/03,37:52.3
9,card,32.82,Cocoa,Morning,Tue,Sep,2,9,2024/09/03,38:56.4
12,card,23.02,Cortado,Afternoon,Tue,Sep,2,9,2024/09/03,56:53.4
14,card,27.92,Americano with Milk,Afternoon,Tue,Sep,2,9,2024/09/03,14:51.7
14,card,27.92,Americano with Milk,Afternoon,Tue,Sep,2,9,2024/09/03,16:17.3
18,card,27.92,Americano with Milk,Night,Tue,Sep,2,9,2024/09/03,48:34.7
19,card,32.82,Latte,Night,Tue,Sep,2,9,2024/09/03,11:12.3
19,card,27.92,Americano with Milk,Night,Tue,Sep,2,9,2024/09/03,17:13.8
11,card,27.92,Americano with Milk,Morning,Wed,Sep,3,9,2024/09/04,11:21.6
11,card,32.82,Latte,Morning,Wed,Sep,3,9,2024/09/04,33:36.6
11,card,23.02,Americano,Morning,Wed,Sep,3,9,2024/09/04,48:03.5
11,card,27.92,Americano with Milk,Morning,Wed,Sep,3,9,2024/09/04,55:34.5
12,card,32.82,Latte,Afternoon,Wed,Sep,3,9,2024/09/04,53:31.3
13,card,32.82,Latte,Afternoon,Wed,Sep,3,9,2024/09/04,03:50.6
13,card,27.92,Americano with Milk,Afternoon,Wed,Sep,3,9,2024/09/04,05:16.1
18,card,32.82,Cappuccino,Night,Wed,Sep,3,9,2024/09/04,03:46.9
19,card,27.92,Americano with Milk,Night,Wed,Sep,3,9,2024/09/04,41:42.0
21,card,32.82,Latte,Night,Wed,Sep,3,9,2024/09/04,19:35.6
9,card,27.92,Americano with Milk,Morning,Thu,Sep,4,9,2024/09/05,31:17.0
10,card,27.92,Americano with Milk,Morning,Thu,Sep,4,9,2024/09/05,28:56.2
11,card,23.02,Americano,Morning,Thu,Sep,4,9,2024/09/05,06:30.6
14,card,32.82,Latte,Afternoon,Thu,Sep,4,9,2024/09/05,00:27.7
15,card,32.82,Latte,Afternoon,Thu,Sep,4,9,2024/09/05,25:12.3
16,card,23.02,Americano,Afternoon,Thu,Sep,4,9,2024/09/05,38:50.4
16,card,27.92,Americano with Milk,Afternoon,Thu,Sep,4,9,2024/09/05,39:59.6
17,card,32.82,Cappuccino,Night,Thu,Sep,4,9,2024/09/05,04:28.9
17,card,32.82,Cappuccino,Night,Thu,Sep,4,9,2024/09/05,05:31.7
20,card,32.82,Cappuccino,Night,Thu,Sep,4,9,2024/09/05,30:15.0
20,card,23.02,Americano,Night,Thu,Sep,4,9,2024/09/05,54:24.4
20,card,32.82,Cappuccino,Night,Thu,Sep,4,9,2024/09/05,55:31.4
21,card,27.92,Americano with Milk,Night,Thu,Sep,4,9,2024/09/05,26:28.8
21,card,27.92,Americano with Milk,Night,Thu,Sep,4,9,2024/09/05,27:30.0
8,card,32.82,Cappuccino,Morning,Fri,Sep,5,9,2024/09/06,25:33.9
8,card,32.82,Latte,Morning,Fri,Sep,5,9,2024/09/06,34:46.8
8,card,23.02,Americano,Morning,Fri,Sep,5,9,2024/09/06,54:41.9
9,card,18.12,Espresso,Morning,Fri,Sep,5,9,2024/09/06,50:39.9
9,card,32.82,Latte,Morning,Fri,Sep,5,9,2024/09/06,51:52.2
10,card,32.82,Hot Chocolate,Morning,Fri,Sep,5,9,2024/09/06,30:06.0
11,card,18.12,Espresso,Morning,Fri,Sep,5,9,2024/09/06,23:25.4
11,card,18.12,Espresso,Morning,Fri,Sep,5,9,2024/09/06,24:29.3
20,card,32.82,Latte,Night,Fri,Sep,5,9,2024/09/06,00:12.0
21,card,32.82,Latte,Night,Fri,Sep,5,9,2024/09/06,09:31.2
8,card,32.82,Latte,Morning,Sat,Sep,6,9,2024/09/07,48:57.0
9,card,23.02,Cortado,Morning,Sat,Sep,6,9,2024/09/07,52:03.0
9,card,23.02,Cortado,Morning,Sat,Sep,6,9,2024/09/07,53:03.6
9,card,23.02,Cortado,Morning,Sat,Sep,6,9,2024/09/07,54:41.6
9,card,27.92,Americano with Milk,Morning,Sat,Sep,6,9,2024/09/07,57:47.7
9,card,27.92,Americano with Milk,Morning,Sat,Sep,6,9,2024/09/07,59:02.3
10,card,23.02,Cortado,Morning,Sat,Sep,6,9,2024/09/07,00:19.7
10,card,23.02,Americano,Morning,Sat,Sep,6,9,2024/09/07,22:44.5
10,card,18.12,Espresso,Morning,Sat,Sep,6,9,2024/09/07,37:52.3
10,card,18.12,Espresso,Morning,Sat,Sep,6,9,2024/09/07,40:12.6
10,card,32.82,Latte,Morning,Sat,Sep,6,9,2024/09/07,53:32.2
11,card,27.92,Americano with Milk,Morning,Sat,Sep,6,9,2024/09/07,18:56.8
11,card,23.02,Americano,Morning,Sat,Sep,6,9,2024/09/07,20:00.0
11,card,18.12,Espresso,Morning,Sat,Sep,6,9,2024/09/07,20:57.1
15,card,32.82,Latte,Afternoon,Sat,Sep,6,9,2024/09/07,55:08.5
16,card,23.02,Americano,Afternoon,Sat,Sep,6,9,2024/09/07,20:01.0
16,card,18.12,Espresso,Afternoon,Sat,Sep,6,9,2024/09/07,20:59.3
19,card,32.82,Cocoa,Night,Sat,Sep,6,9,2024/09/07,35:04.9
19,card,32.82,Latte,Night,Sat,Sep,6,9,2024/09/07,36:05.1
19,card,32.82,Latte,Night,Sat,Sep,6,9,2024/09/07,37:15.5
20,card,32.82,Latte,Night,Sat,Sep,6,9,2024/09/07,13:51.7
20,card,32.82,Latte,Night,Sat,Sep,6,9,2024/09/07,14:59.2
8,card,23.02,Cortado,Morning,Sun,Sep,7,9,2024/09/08,15:40.8
9,card,23.02,Cortado,Morning,Sun,Sep,7,9,2024/09/08,18:17.0
9,card,23.02,Cortado,Morning,Sun,Sep,7,9,2024/09/08,19:12.4
10,card,23.02,Cortado,Morning,Sun,Sep,7,9,2024/09/08,05:56.1
12,card,23.02,Cortado,Afternoon,Sun,Sep,7,9,2024/09/08,43:28.0
20,card,23.02,Americano,Night,Sun,Sep,7,9,2024/09/08,13:32.9
7,card,32.82,Latte,Morning,Mon,Sep,1,9,2024/09/09,51:13.6
7,card,32.82,Cappuccino,Morning,Mon,Sep,1,9,2024/09/09,53:51.6
7,card,27.92,Americano with Milk,Morning,Mon,Sep,1,9,2024/09/09,55:21.6
7,card,32.82,Latte,Morning,Mon,Sep,1,9,2024/09/09,56:37.7
9,card,32.82,Latte,Morning,Mon,Sep,1,9,2024/09/09,49:50.7
9,card,32.82,Hot Chocolate,Morning,Mon,Sep,1,9,2024/09/09,50:51.7
9,card,32.82,Latte,Morning,Mon,Sep,1,9,2024/09/09,59:10.7
11,card,27.92,Americano with Milk,Morning,Mon,Sep,1,9,2024/09/09,11:36.1
11,card,27.92,Americano with Milk,Morning,Mon,Sep,1,9,2024/09/09,12:50.6
11,card,32.82,Latte,Morning,Mon,Sep,1,9,2024/09/09,29:49.2
12,card,18.12,Espresso,Afternoon,Mon,Sep,1,9,2024/09/09,06:59.7
15,card,32.82,Latte,Afternoon,Mon,Sep,1,9,2024/09/09,12:13.8
15,card,23.02,Americano,Afternoon,Mon,Sep,1,9,2024/09/09,13:24.5
17,card,32.82,Latte,Night,Mon,Sep,1,9,2024/09/09,24:10.4
18,card,32.82,Latte,Night,Mon,Sep,1,9,2024/09/09,13:46.3
20,card,32.82,Cappuccino,Night,Mon,Sep,1,9,2024/09/09,07:36.2
20,card,32.82,Latte,Night,Mon,Sep,1,9,2024/09/09,13:43.5
8,card,32.82,Hot Chocolate,Morning,Tue,Sep,2,9,2024/09/10,12:02.4
9,card,32.82,Cappuccino,Morning,Tue,Sep,2,9,2024/09/10,32:46.8
15,card,23.02,Cortado,Afternoon,Tue,Sep,2,9,2024/09/10,21:54.4
15,card,23.02,Cortado,Afternoon,Tue,Sep,2,9,2024/09/10,23:05.9
18,card,32.82,Cappuccino,Night,Tue,Sep,2,9,2024/09/10,43:41.8
18,card,27.92,Americano with Milk,Night,Tue,Sep,2,9,2024/09/10,45:22.6
19,card,32.82,Latte,Night,Tue,Sep,2,9,2024/09/10,02:43.0
19,card,32.82,Latte,Night,Tue,Sep,2,9,2024/09/10,03:53.3
21,card,27.92,Americano with Milk,Night,Tue,Sep,2,9,2024/09/10,29:34.6
21,card,23.02,Americano,Night,Tue,Sep,2,9,2024/09/10,30:27.0
8,card,32.82,Latte,Morning,Wed,Sep,3,9,2024/09/11,47:22.3
9,card,27.92,Americano with Milk,Morning,Wed,Sep,3,9,2024/09/11,28:46.8
10,card,32.82,Latte,Morning,Wed,Sep,3,9,2024/09/11,52:09.2
19,card,32.82,Cappuccino,Night,Wed,Sep,3,9,2024/09/11,53:12.5
20,card,27.92,Americano with Milk,Night,Wed,Sep,3,9,2024/09/11,13:14.9
20,card,32.82,Latte,Night,Wed,Sep,3,9,2024/09/11,14:18.9
20,card,32.82,Latte,Night,Wed,Sep,3,9,2024/09/11,15:19.3
21,card,23.02,Cortado,Night,Wed,Sep,3,9,2024/09/11,01:34.2
10,card,18.12,Espresso,Morning,Thu,Sep,4,9,2024/09/12,57:25.6
10,card,27.92,Americano with Milk,Morning,Thu,Sep,4,9,2024/09/12,58:19.8
11,card,27.92,Americano with Milk,Morning,Thu,Sep,4,9,2024/09/12,27:36.1
12,card,32.82,Cappuccino,Afternoon,Thu,Sep,4,9,2024/09/12,08:22.2
12,card,23.02,Cortado,Afternoon,Thu,Sep,4,9,2024/09/12,31:07.0
12,card,23.02,Cortado,Afternoon,Thu,Sep,4,9,2024/09/12,32:23.0
12,card,23.02,Cortado,Afternoon,Thu,Sep,4,9,2024/09/12,37:20.4
12,card,23.02,Cortado,Afternoon,Thu,Sep,4,9,2024/09/12,38:09.7
17,card,32.82,Latte,Night,Thu,Sep,4,9,2024/09/12,01:25.2
21,card,23.02,Americano,Night,Thu,Sep,4,9,2024/09/12,09:10.4
21,card,32.82,Cappuccino,Night,Thu,Sep,4,9,2024/09/12,10:21.2
21,card,23.02,Cortado,Night,Thu,Sep,4,9,2024/09/12,13:16.8
7,card,32.82,Latte,Morning,Fri,Sep,5,9,2024/09/13,56:53.8
8,card,32.82,Latte,Morning,Fri,Sep,5,9,2024/09/13,41:03.0
8,card,32.82,Latte,Morning,Fri,Sep,5,9,2024/09/13,54:15.8
9,card,32.82,Latte,Morning,Fri,Sep,5,9,2024/09/13,51:19.4
15,card,27.92,Americano with Milk,Afternoon,Fri,Sep,5,9,2024/09/13,38:18.9
15,card,27.92,Americano with Milk,Afternoon,Fri,Sep,5,9,2024/09/13,50:53.9
16,card,32.82,Cappuccino,Afternoon,Sat,Sep,6,9,2024/09/14,29:19.4
16,card,32.82,Cappuccino,Afternoon,Sat,Sep,6,9,2024/09/14,30:16.9
8,card,18.12,Espresso,Morning,Sun,Sep,7,9,2024/09/15,42:40.9
9,card,27.92,Americano with Milk,Morning,Sun,Sep,7,9,2024/09/15,49:38.7
13,card,23.02,Americano,Afternoon,Sun,Sep,7,9,2024/09/15,49:37.4
14,card,23.02,Cortado,Afternoon,Sun,Sep,7,9,2024/09/15,36:19.3
14,card,23.02,Cortado,Afternoon,Sun,Sep,7,9,2024/09/15,37:20.6
14,card,32.82,Cappuccino,Afternoon,Sun,Sep,7,9,2024/09/15,53:18.7
13,card,32.82,Latte,Afternoon,Mon,Sep,1,9,2024/09/16,32:22.9
13,card,27.92,Americano with Milk,Afternoon,Mon,Sep,1,9,2024/09/16,33:36.8
15,card,32.82,Latte,Afternoon,Mon,Sep,1,9,2024/09/16,23:19.3
17,card,27.92,Americano with Milk,Night,Mon,Sep,1,9,2024/09/16,16:05.7
17,card,32.82,Latte,Night,Mon,Sep,1,9,2024/09/16,18:03.3
18,card,32.82,Latte,Night,Mon,Sep,1,9,2024/09/16,54:45.4
18,card,32.82,Latte,Night,Mon,Sep,1,9,2024/09/16,56:05.3
21,card,27.92,Americano with Milk,Night,Mon,Sep,1,9,2024/09/16,10:18.7
21,card,32.82,Latte,Night,Mon,Sep,1,9,2024/09/16,11:32.5
21,card,27.92,Americano with Milk,Night,Mon,Sep,1,9,2024/09/16,37:47.3
21,card,27.92,Americano with Milk,Night,Mon,Sep,1,9,2024/09/16,38:48.7
7,card,23.02,Cortado,Morning,Tue,Sep,2,9,2024/09/17,54:57.9
8,card,32.82,Latte,Morning,Tue,Sep,2,9,2024/09/17,09:00.9
8,card,27.92,Americano with Milk,Morning,Tue,Sep,2,9,2024/09/17,37:37.6
8,card,23.02,Cortado,Morning,Tue,Sep,2,9,2024/09/17,42:31.5
9,card,32.82,Cappuccino,Morning,Tue,Sep,2,9,2024/09/17,10:03.8
9,card,27.92,Americano with Milk,Morning,Tue,Sep,2,9,2024/09/17,11:08.2
9,card,27.92,Americano with Milk,Morning,Tue,Sep,2,9,2024/09/17,34:56.8
12,card,18.12,Espresso,Afternoon,Tue,Sep,2,9,2024/09/17,38:33.8
12,card,27.92,Americano with Milk,Afternoon,Tue,Sep,2,9,2024/09/17,39:33.7
12,card,32.82,Latte,Afternoon,Tue,Sep,2,9,2024/09/17,44:15.2
13,card,27.92,Americano with Milk,Afternoon,Tue,Sep,2,9,2024/09/17,54:23.0
13,card,23.02,Cortado,Afternoon,Tue,Sep,2,9,2024/09/17,55:31.2
16,card,32.82,Cappuccino,Afternoon,Tue,Sep,2,9,2024/09/17,29:37.2
16,card,32.82,Latte,Afternoon,Tue,Sep,2,9,2024/09/17,31:00.7
18,card,32.82,Hot Chocolate,Night,Tue,Sep,2,9,2024/09/17,54:23.8
19,card,27.92,Americano with Milk,Night,Tue,Sep,2,9,2024/09/17,00:45.9
19,card,27.92,Americano with Milk,Night,Tue,Sep,2,9,2024/09/17,03:53.3
19,card,32.82,Latte,Night,Tue,Sep,2,9,2024/09/17,12:47.9
19,card,27.92,Americano with Milk,Night,Tue,Sep,2,9,2024/09/17,13:59.7
19,card,27.92,Americano with Milk,Night,Tue,Sep,2,9,2024/09/17,14:59.5
19,card,27.92,Americano with Milk,Night,Tue,Sep,2,9,2024/09/17,31:57.4
22,card,32.82,Hot Chocolate,Night,Tue,Sep,2,9,2024/09/17,19:36.0
22,card,32.82,Hot Chocolate,Night,Tue,Sep,2,9,2024/09/17,20:19.5
14,card,32.82,Latte,Afternoon,Wed,Sep,3,9,2024/09/18,29:48.9
17,card,32.82,Latte,Night,Wed,Sep,3,9,2024/09/18,34:19.7
21,card,27.92,Americano with Milk,Night,Wed,Sep,3,9,2024/09/18,15:38.8
21,card,27.92,Americano with Milk,Night,Wed,Sep,3,9,2024/09/18,18:21.6
8,card,27.92,Americano with Milk,Morning,Thu,Sep,4,9,2024/09/19,17:18.7
8,card,23.02,Cortado,Morning,Thu,Sep,4,9,2024/09/19,30:29.0
10,card,32.82,Latte,Morning,Thu,Sep,4,9,2024/09/19,01:30.6
12,card,23.02,Americano,Afternoon,Thu,Sep,4,9,2024/09/19,59:33.6
13,card,27.92,Americano with Milk,Afternoon,Thu,Sep,4,9,2024/09/19,00:33.6
13,card,23.02,Cortado,Afternoon,Thu,Sep,4,9,2024/09/19,45:42.4
8,card,27.92,Americano with Milk,Morning,Fri,Sep,5,9,2024/09/20,34:56.9
9,card,27.92,Americano with Milk,Morning,Fri,Sep,5,9,2024/09/20,46:15.4
13,card,27.92,Americano with Milk,Afternoon,Fri,Sep,5,9,2024/09/20,39:55.5
16,card,32.82,Latte,Afternoon,Fri,Sep,5,9,2024/09/20,03:29.6
20,card,23.02,Americano,Night,Fri,Sep,5,9,2024/09/20,39:23.1
21,card,27.92,Americano with Milk,Night,Fri,Sep,5,9,2024/09/20,31:36.6
21,card,27.92,Americano with Milk,Night,Fri,Sep,5,9,2024/09/20,32:43.0
11,card,32.82,Latte,Morning,Sat,Sep,6,9,2024/09/21,01:14.9
11,card,32.82,Cocoa,Morning,Sat,Sep,6,9,2024/09/21,02:13.8
11,card,23.02,Cortado,Morning,Sat,Sep,6,9,2024/09/21,37:47.2
11,card,23.02,Cortado,Morning,Sat,Sep,6,9,2024/09/21,38:45.0
15,card,32.82,Cappuccino,Afternoon,Sat,Sep,6,9,2024/09/21,10:09.4
15,card,32.82,Latte,Afternoon,Sat,Sep,6,9,2024/09/21,36:13.6
18,card,32.82,Latte,Night,Sat,Sep,6,9,2024/09/21,16:28.7
18,card,32.82,Latte,Night,Sat,Sep,6,9,2024/09/21,17:30.7
20,card,23.02,Americano,Night,Sat,Sep,6,9,2024/09/21,29:42.9
20,card,23.02,Americano,Night,Sat,Sep,6,9,2024/09/21,30:38.9
20,card,32.82,Latte,Night,Sat,Sep,6,9,2024/09/21,33:58.2
20,card,32.82,Latte,Night,Sat,Sep,6,9,2024/09/21,35:30.2
22,card,27.92,Americano with Milk,Night,Sat,Sep,6,9,2024/09/21,18:46.1
22,card,23.02,Americano,Night,Sat,Sep,6,9,2024/09/21,19:50.1
22,card,23.02,Americano,Night,Sat,Sep,6,9,2024/09/21,20:48.4
8,card,23.02,Americano,Morning,Sun,Sep,7,9,2024/09/22,32:54.2
10,card,27.92,Americano with Milk,Morning,Sun,Sep,7,9,2024/09/22,12:09.8
10,card,32.82,Latte,Morning,Sun,Sep,7,9,2024/09/22,13:08.6
11,card,23.02,Cortado,Morning,Sun,Sep,7,9,2024/09/22,06:26.3
11,card,23.02,Cortado,Morning,Sun,Sep,7,9,2024/09/22,07:36.4
11,card,27.92,Americano with Milk,Morning,Sun,Sep,7,9,2024/09/22,51:59.9
11,card,23.02,Americano,Morning,Sun,Sep,7,9,2024/09/22,55:12.9
12,card,27.92,Americano with Milk,Afternoon,Sun,Sep,7,9,2024/09/22,07:20.8
13,card,27.92,Americano with Milk,Afternoon,Sun,Sep,7,9,2024/09/22,28:14.7
13,card,27.92,Americano with Milk,Afternoon,Sun,Sep,7,9,2024/09/22,29:35.9
13,card,27.92,Americano with Milk,Afternoon,Sun,Sep,7,9,2024/09/22,33:34.6
15,card,32.82,Latte,Afternoon,Sun,Sep,7,9,2024/09/22,34:10.1
15,card,27.92,Americano with Milk,Afternoon,Sun,Sep,7,9,2024/09/22,35:24.2
16,card,32.82,Cocoa,Afternoon,Sun,Sep,7,9,2024/09/22,25:03.5
20,card,32.82,Latte,Night,Sun,Sep,7,9,2024/09/22,19:10.1
20,card,32.82,Cappuccino,Night,Sun,Sep,7,9,2024/09/22,20:35.6
20,card,27.92,Americano with Milk,Night,Sun,Sep,7,9,2024/09/22,46:26.2
20,card,27.92,Americano with Milk,Night,Sun,Sep,7,9,2024/09/22,47:35.1
21,card,27.92,Americano with Milk,Night,Sun,Sep,7,9,2024/09/22,07:04.8
21,card,27.92,Americano with Milk,Night,Sun,Sep,7,9,2024/09/22,08:14.8
21,card,32.82,Hot Chocolate,Night,Sun,Sep,7,9,2024/09/22,54:04.1
21,card,32.82,Hot Chocolate,Night,Sun,Sep,7,9,2024/09/22,54:54.5
22,card,23.02,Americano,Night,Sun,Sep,7,9,2024/09/22,37:02.4
22,card,27.92,Americano with Milk,Night,Sun,Sep,7,9,2024/09/22,37:58.4
9,card,27.92,Americano with Milk,Morning,Mon,Sep,1,9,2024/09/23,03:37.0
10,card,23.02,Cortado,Morning,Mon,Sep,1,9,2024/09/23,04:17.3
12,card,23.02,Americano,Afternoon,Mon,Sep,1,9,2024/09/23,11:04.4
14,card,27.92,Americano with Milk,Afternoon,Mon,Sep,1,9,2024/09/23,08:51.9
17,card,32.82,Cappuccino,Night,Mon,Sep,1,9,2024/09/23,27:47.6
18,card,23.02,Americano,Night,Mon,Sep,1,9,2024/09/23,48:30.4
19,card,32.82,Latte,Night,Mon,Sep,1,9,2024/09/23,47:21.9
20,card,32.82,Cappuccino,Night,Mon,Sep,1,9,2024/09/23,09:45.9
22,card,27.92,Americano with Milk,Night,Mon,Sep,1,9,2024/09/23,13:30.5
22,card,27.92,Americano with Milk,Night,Mon,Sep,1,9,2024/09/23,15:15.0
8,card,27.92,Americano with Milk,Morning,Tue,Sep,2,9,2024/09/24,33:32.6
12,card,32.82,Latte,Afternoon,Tue,Sep,2,9,2024/09/24,23:57.0
12,card,32.82,Latte,Afternoon,Tue,Sep,2,9,2024/09/24,24:54.8
12,card,32.82,Latte,Afternoon,Tue,Sep,2,9,2024/09/24,46:44.4
12,card,32.82,Latte,Afternoon,Tue,Sep,2,9,2024/09/24,47:49.4
14,card,32.82,Latte,Afternoon,Tue,Sep,2,9,2024/09/24,11:39.3
14,card,23.02,Cortado,Afternoon,Tue,Sep,2,9,2024/09/24,31:28.7
15,card,32.82,Cappuccino,Afternoon,Tue,Sep,2,9,2024/09/24,37:23.7
16,card,32.82,Latte,Afternoon,Tue,Sep,2,9,2024/09/24,38:48.3
18,card,23.02,Americano,Night,Tue,Sep,2,9,2024/09/24,43:02.9
18,card,23.02,Americano,Night,Tue,Sep,2,9,2024/09/24,43:54.1
20,card,32.82,Hot Chocolate,Night,Tue,Sep,2,9,2024/09/24,15:50.4
21,card,32.82,Latte,Night,Tue,Sep,2,9,2024/09/24,05:14.2
21,card,27.92,Americano with Milk,Night,Tue,Sep,2,9,2024/09/24,06:32.4
21,card,27.92,Americano with Milk,Night,Tue,Sep,2,9,2024/09/24,07:35.0
7,card,32.82,Cappuccino,Morning,Wed,Sep,3,9,2024/09/25,51:21.1
11,card,23.02,Cortado,Morning,Wed,Sep,3,9,2024/09/25,35:32.5
11,card,27.92,Americano with Milk,Morning,Wed,Sep,3,9,2024/09/25,51:15.2
11,card,32.82,Latte,Morning,Wed,Sep,3,9,2024/09/25,52:53.4
13,card,27.92,Americano with Milk,Afternoon,Wed,Sep,3,9,2024/09/25,54:51.5
13,card,27.92,Americano with Milk,Afternoon,Wed,Sep,3,9,2024/09/25,55:59.3
17,card,27.92,Americano with Milk,Night,Wed,Sep,3,9,2024/09/25,36:37.2
17,card,27.92,Americano with Milk,Night,Wed,Sep,3,9,2024/09/25,37:31.8
21,card,23.02,Americano,Night,Wed,Sep,3,9,2024/09/25,34:41.3
22,card,27.92,Americano with Milk,Night,Wed,Sep,3,9,2024/09/25,18:51.8
8,card,32.82,Latte,Morning,Thu,Sep,4,9,2024/09/26,43:35.0
10,card,27.92,Americano with Milk,Morning,Thu,Sep,4,9,2024/09/26,37:06.5
10,card,18.12,Espresso,Morning,Thu,Sep,4,9,2024/09/26,55:52.4
11,card,32.82,Cappuccino,Morning,Thu,Sep,4,9,2024/09/26,34:48.6
12,card,32.82,Latte,Afternoon,Thu,Sep,4,9,2024/09/26,48:01.4
18,card,32.82,Latte,Night,Thu,Sep,4,9,2024/09/26,21:55.7
22,card,32.82,Latte,Night,Thu,Sep,4,9,2024/09/26,45:15.1
22,card,23.02,Cortado,Night,Thu,Sep,4,9,2024/09/26,46:17.6
22,card,27.92,Americano with Milk,Night,Thu,Sep,4,9,2024/09/26,47:24.9
9,card,27.92,Americano with Milk,Morning,Fri,Sep,5,9,2024/09/27,29:45.6
9,card,23.02,Cortado,Morning,Fri,Sep,5,9,2024/09/27,33:44.0
9,card,32.82,Cappuccino,Morning,Fri,Sep,5,9,2024/09/27,41:04.7
10,card,27.92,Americano with Milk,Morning,Fri,Sep,5,9,2024/09/27,46:56.6
11,card,27.92,Americano with Milk,Morning,Fri,Sep,5,9,2024/09/27,35:00.3
13,card,32.82,Cappuccino,Afternoon,Fri,Sep,5,9,2024/09/27,20:31.1
13,card,32.82,Cappuccino,Afternoon,Fri,Sep,5,9,2024/09/27,25:05.3
13,card,23.02,Americano,Afternoon,Fri,Sep,5,9,2024/09/27,28:33.1
13,card,27.92,Americano with Milk,Afternoon,Fri,Sep,5,9,2024/09/27,33:52.5
18,card,32.82,Latte,Night,Fri,Sep,5,9,2024/09/27,07:43.7
18,card,32.82,Latte,Night,Fri,Sep,5,9,2024/09/27,08:58.2
18,card,32.82,Cappuccino,Night,Fri,Sep,5,9,2024/09/27,37:45.9
18,card,32.82,Cappuccino,Night,Fri,Sep,5,9,2024/09/27,40:53.8
20,card,32.82,Cappuccino,Night,Fri,Sep,5,9,2024/09/27,18:13.3
20,card,32.82,Cappuccino,Night,Fri,Sep,5,9,2024/09/27,19:14.3
20,card,27.92,Americano with Milk,Night,Fri,Sep,5,9,2024/09/27,58:15.0
8,card,27.92,Americano with Milk,Morning,Sat,Sep,6,9,2024/09/28,06:45.5
9,card,27.92,Americano with Milk,Morning,Sat,Sep,6,9,2024/09/28,31:14.8
14,card,35.76,Latte,Afternoon,Sat,Sep,6,9,2024/09/28,25:47.3
16,card,35.76,Latte,Afternoon,Sat,Sep,6,9,2024/09/28,57:20.1
17,card,30.86,Americano with Milk,Night,Sat,Sep,6,9,2024/09/28,26:16.7
20,card,35.76,Latte,Night,Sat,Sep,6,9,2024/09/28,34:31.1
20,card,35.76,Latte,Night,Sat,Sep,6,9,2024/09/28,38:36.5
22,card,35.76,Cappuccino,Night,Sat,Sep,6,9,2024/09/28,16:36.8
22,card,35.76,Cocoa,Night,Sat,Sep,6,9,2024/09/28,17:29.6
22,card,25.96,Cortado,Night,Sat,Sep,6,9,2024/09/28,18:16.1
22,card,35.76,Hot Chocolate,Night,Sat,Sep,6,9,2024/09/28,19:13.0
10,card,25.96,Americano,Morning,Sun,Sep,7,9,2024/09/29,48:45.0
10,card,35.76,Cappuccino,Morning,Sun,Sep,7,9,2024/09/29,50:05.3
10,card,35.76,Cappuccino,Morning,Sun,Sep,7,9,2024/09/29,51:03.3
10,card,35.76,Cappuccino,Morning,Sun,Sep,7,9,2024/09/29,52:23.0
10,card,30.86,Americano with Milk,Morning,Sun,Sep,7,9,2024/09/29,53:42.3
12,card,35.76,Latte,Afternoon,Sun,Sep,7,9,2024/09/29,35:43.4
12,card,25.96,Cortado,Afternoon,Sun,Sep,7,9,2024/09/29,50:58.4
12,card,35.76,Latte,Afternoon,Sun,Sep,7,9,2024/09/29,54:15.4
12,card,35.76,Latte,Afternoon,Sun,Sep,7,9,2024/09/29,55:21.6
18,card,35.76,Cappuccino,Night,Sun,Sep,7,9,2024/09/29,02:27.3
22,card,35.76,Latte,Night,Sun,Sep,7,9,2024/09/29,31:02.8
8,card,25.96,Cortado,Morning,Mon,Sep,1,9,2024/09/30,08:47.5
8,card,25.96,Cortado,Morning,Mon,Sep,1,9,2024/09/30,58:54.7
9,card,35.76,Hot Chocolate,Morning,Mon,Sep,1,9,2024/09/30,00:04.9
10,card,30.86,Americano with Milk,Morning,Mon,Sep,1,9,2024/09/30,01:09.2
10,card,25.96,Cortado,Morning,Mon,Sep,1,9,2024/09/30,05:18.4
11,card,30.86,Americano with Milk,Morning,Mon,Sep,1,9,2024/09/30,32:54.6
16,card,30.86,Americano with Milk,Afternoon,Mon,Sep,1,9,2024/09/30,45:44.5
19,card,35.76,Latte,Night,Mon,Sep,1,9,2024/09/30,32:18.2
19,card,30.86,Americano with Milk,Night,Mon,Sep,1,9,2024/09/30,53:14.1
19,card,25.96,Cortado,Night,Mon,Sep,1,9,2024/09/30,54:17.6
19,card,35.76,Latte,Night,Mon,Sep,1,9,2024/09/30,59:19.0
20,card,30.86,Americano with Milk,Night,Mon,Sep,1,9,2024/09/30,00:42.1
20,card,30.86,Americano with Milk,Night,Mon,Sep,1,9,2024/09/30,01:42.2
21,card,30.86,Americano with Milk,Night,Mon,Sep,1,9,2024/09/30,41:07.5
7,card,35.76,Latte,Morning,Tue,Oct,2,10,2024/10/01,47:08.4
9,card,30.86,Americano with Milk,Morning,Tue,Oct,2,10,2024/10/01,48:30.8
10,card,30.86,Americano with Milk,Morning,Tue,Oct,2,10,2024/10/01,02:26.8
10,card,30.86,Americano with Milk,Morning,Tue,Oct,2,10,2024/10/01,03:47.1
11,card,30.86,Americano with Milk,Morning,Tue,Oct,2,10,2024/10/01,55:31.9
12,card,30.86,Americano with Milk,Afternoon,Tue,Oct,2,10,2024/10/01,12:48.4
12,card,30.86,Americano with Milk,Afternoon,Tue,Oct,2,10,2024/10/01,14:23.4
14,card,25.96,Americano,Afternoon,Tue,Oct,2,10,2024/10/01,17:35.0
14,card,30.86,Americano with Milk,Afternoon,Tue,Oct,2,10,2024/10/01,18:52.6
16,card,35.76,Hot Chocolate,Afternoon,Tue,Oct,2,10,2024/10/01,08:39.0
16,card,25.96,Americano,Afternoon,Tue,Oct,2,10,2024/10/01,41:54.5
18,card,35.76,Latte,Night,Tue,Oct,2,10,2024/10/01,08:26.5
18,card,35.76,Latte,Night,Tue,Oct,2,10,2024/10/01,23:11.5
18,card,35.76,Hot Chocolate,Night,Tue,Oct,2,10,2024/10/01,24:14.3
20,card,35.76,Hot Chocolate,Night,Tue,Oct,2,10,2024/10/01,03:22.1
7,card,35.76,Latte,Morning,Wed,Oct,3,10,2024/10/02,57:18.8
8,card,25.96,Cortado,Morning,Wed,Oct,3,10,2024/10/02,42:44.6
9,card,30.86,Americano with Milk,Morning,Wed,Oct,3,10,2024/10/02,19:17.1
10,card,35.76,Latte,Morning,Wed,Oct,3,10,2024/10/02,22:01.5
10,card,30.86,Americano with Milk,Morning,Wed,Oct,3,10,2024/10/02,23:55.3
11,card,35.76,Cappuccino,Morning,Wed,Oct,3,10,2024/10/02,28:53.9
15,card,35.76,Cappuccino,Afternoon,Wed,Oct,3,10,2024/10/02,13:42.1
18,card,35.76,Hot Chocolate,Night,Wed,Oct,3,10,2024/10/02,31:07.2
22,card,35.76,Hot Chocolate,Night,Wed,Oct,3,10,2024/10/02,18:55.4
22,card,35.76,Hot Chocolate,Night,Wed,Oct,3,10,2024/10/02,19:40.7
22,card,35.76,Hot Chocolate,Night,Wed,Oct,3,10,2024/10/02,20:23.7
13,card,35.76,Cocoa,Afternoon,Thu,Oct,4,10,2024/10/03,47:35.9
15,card,30.86,Americano with Milk,Afternoon,Thu,Oct,4,10,2024/10/03,12:05.2
20,card,25.96,Cortado,Night,Thu,Oct,4,10,2024/10/03,12:57.8
20,card,35.76,Hot Chocolate,Night,Thu,Oct,4,10,2024/10/03,14:04.8
21,card,35.76,Hot Chocolate,Night,Thu,Oct,4,10,2024/10/03,21:06.3
21,card,35.76,Hot Chocolate,Night,Thu,Oct,4,10,2024/10/03,21:46.8
21,card,35.76,Cappuccino,Night,Thu,Oct,4,10,2024/10/03,29:03.4
21,card,35.76,Hot Chocolate,Night,Thu,Oct,4,10,2024/10/03,31:00.5
8,card,25.96,Americano,Morning,Fri,Oct,5,10,2024/10/04,44:00.9
8,card,25.96,Americano,Morning,Fri,Oct,5,10,2024/10/04,45:39.0
9,card,30.86,Americano with Milk,Morning,Fri,Oct,5,10,2024/10/04,30:22.0
9,card,25.96,Americano,Morning,Fri,Oct,5,10,2024/10/04,31:27.1
9,card,25.96,Cortado,Morning,Fri,Oct,5,10,2024/10/04,53:58.6
9,card,25.96,Cortado,Morning,Fri,Oct,5,10,2024/10/04,55:04.6
17,card,35.76,Latte,Night,Fri,Oct,5,10,2024/10/04,35:14.8
17,card,35.76,Hot Chocolate,Night,Fri,Oct,5,10,2024/10/04,42:22.2
17,card,35.76,Cocoa,Night,Fri,Oct,5,10,2024/10/04,44:36.4
9,card,25.96,Cortado,Morning,Sat,Oct,6,10,2024/10/05,00:46.9
9,card,25.96,Cortado,Morning,Sat,Oct,6,10,2024/10/05,01:42.7
9,card,35.76,Cocoa,Morning,Sat,Oct,6,10,2024/10/05,35:44.9
13,card,35.76,Cappuccino,Afternoon,Sat,Oct,6,10,2024/10/05,12:13.3
20,card,25.96,Americano,Night,Sat,Oct,6,10,2024/10/05,08:38.1
20,card,25.96,Americano,Night,Sat,Oct,6,10,2024/10/05,09:33.6
8,card,25.96,Cortado,Morning,Sun,Oct,7,10,2024/10/06,22:56.7
10,card,35.76,Cappuccino,Morning,Sun,Oct,7,10,2024/10/06,05:43.6
10,card,25.96,Cortado,Morning,Sun,Oct,7,10,2024/10/06,06:47.1
11,card,35.76,Latte,Morning,Sun,Oct,7,10,2024/10/06,55:28.8
12,card,35.76,Latte,Afternoon,Sun,Oct,7,10,2024/10/06,09:03.9
12,card,35.76,Cappuccino,Afternoon,Sun,Oct,7,10,2024/10/06,10:17.3
12,card,30.86,Americano with Milk,Afternoon,Sun,Oct,7,10,2024/10/06,11:43.4
13,card,25.96,Americano,Afternoon,Sun,Oct,7,10,2024/10/06,46:03.7
13,card,35.76,Cappuccino,Afternoon,Sun,Oct,7,10,2024/10/06,47:02.0
13,card,30.86,Americano with Milk,Afternoon,Sun,Oct,7,10,2024/10/06,50:00.1
13,card,35.76,Latte,Afternoon,Sun,Oct,7,10,2024/10/06,51:04.3
13,card,35.76,Cappuccino,Afternoon,Sun,Oct,7,10,2024/10/06,51:56.3
16,card,35.76,Cappuccino,Afternoon,Sun,Oct,7,10,2024/10/06,31:33.6
16,card,21.06,Espresso,Afternoon,Sun,Oct,7,10,2024/10/06,35:45.6
18,card,30.86,Americano with Milk,Night,Sun,Oct,7,10,2024/10/06,17:45.0
18,card,35.76,Hot Chocolate,Night,Sun,Oct,7,10,2024/10/06,35:16.5
21,card,35.76,Hot Chocolate,Night,Sun,Oct,7,10,2024/10/06,09:12.9
21,card,35.76,Hot Chocolate,Night,Sun,Oct,7,10,2024/10/06,10:00.5
21,card,35.76,Hot Chocolate,Night,Sun,Oct,7,10,2024/10/06,10:45.3
21,card,35.76,Latte,Night,Sun,Oct,7,10,2024/10/06,16:48.9
8,card,35.76,Latte,Morning,Mon,Oct,1,10,2024/10/07,33:36.4
8,card,35.76,Latte,Morning,Mon,Oct,1,10,2024/10/07,49:36.5
8,card,30.86,Americano with Milk,Morning,Mon,Oct,1,10,2024/10/07,50:41.7
9,card,35.76,Cocoa,Morning,Mon,Oct,1,10,2024/10/07,05:28.1
9,card,35.76,Latte,Morning,Mon,Oct,1,10,2024/10/07,09:58.3
12,card,30.86,Americano with Milk,Afternoon,Mon,Oct,1,10,2024/10/07,17:56.7
14,card,25.96,Americano,Afternoon,Mon,Oct,1,10,2024/10/07,31:45.3
14,card,25.96,Americano,Afternoon,Mon,Oct,1,10,2024/10/07,32:38.8
17,card,35.76,Latte,Night,Mon,Oct,1,10,2024/10/07,48:55.0
21,card,35.76,Hot Chocolate,Night,Mon,Oct,1,10,2024/10/07,14:42.1
21,card,35.76,Hot Chocolate,Night,Mon,Oct,1,10,2024/10/07,15:20.1
21,card,35.76,Latte,Night,Mon,Oct,1,10,2024/10/07,40:48.5
8,card,35.76,Latte,Morning,Tue,Oct,2,10,2024/10/08,11:50.9
9,card,30.86,Americano with Milk,Morning,Tue,Oct,2,10,2024/10/08,05:14.0
10,card,25.96,Americano,Morning,Tue,Oct,2,10,2024/10/08,22:31.4
10,card,35.76,Latte,Morning,Tue,Oct,2,10,2024/10/08,27:08.8
11,card,35.76,Latte,Morning,Tue,Oct,2,10,2024/10/08,30:10.3
12,card,25.96,Americano,Afternoon,Tue,Oct,2,10,2024/10/08,48:04.5
12,card,25.96,Americano,Afternoon,Tue,Oct,2,10,2024/10/08,49:04.6
13,card,35.76,Latte,Afternoon,Tue,Oct,2,10,2024/10/08,04:00.9
13,card,35.76,Latte,Afternoon,Tue,Oct,2,10,2024/10/08,04:59.4
14,card,35.76,Latte,Afternoon,Tue,Oct,2,10,2024/10/08,42:52.4
15,card,35.76,Latte,Afternoon,Tue,Oct,2,10,2024/10/08,13:41.2
15,card,25.96,Americano,Afternoon,Tue,Oct,2,10,2024/10/08,19:52.1
15,card,30.86,Americano with Milk,Afternoon,Tue,Oct,2,10,2024/10/08,50:43.1
20,card,35.76,Hot Chocolate,Night,Tue,Oct,2,10,2024/10/08,40:40.5
20,card,35.76,Cappuccino,Night,Tue,Oct,2,10,2024/10/08,41:33.5
20,card,35.76,Latte,Night,Tue,Oct,2,10,2024/10/08,51:08.7
21,card,30.86,Americano with Milk,Night,Tue,Oct,2,10,2024/10/08,24:32.0
21,card,30.86,Americano with Milk,Night,Tue,Oct,2,10,2024/10/08,21:25:32
7,card,35.76,Latte,Morning,Wed,Oct,3,10,2024/10/09,54:42.6
8,card,30.86,Americano with Milk,Morning,Wed,Oct,3,10,2024/10/09,25:57.5
9,card,30.86,Americano with Milk,Morning,Wed,Oct,3,10,2024/10/09,43:21.0
9,card,35.76,Latte,Morning,Wed,Oct,3,10,2024/10/09,59:40.0
10,card,21.06,Espresso,Morning,Wed,Oct,3,10,2024/10/09,37:56.9
11,card,25.96,Americano,Morning,Wed,Oct,3,10,2024/10/09,18:02.1
13,card,35.76,Latte,Afternoon,Wed,Oct,3,10,2024/10/09,03:08.5
13,card,30.86,Americano with Milk,Afternoon,Wed,Oct,3,10,2024/10/09,52:34.7
17,card,35.76,Cappuccino,Night,Wed,Oct,3,10,2024/10/09,26:44.4
17,card,25.96,Americano,Night,Wed,Oct,3,10,2024/10/09,27:48.9
17,card,21.06,Espresso,Night,Wed,Oct,3,10,2024/10/09,49:59.6
20,card,35.76,Cappuccino,Night,Wed,Oct,3,10,2024/10/09,49:12.5
8,card,25.96,Americano,Morning,Thu,Oct,4,10,2024/10/10,48:06.9
9,card,30.86,Americano with Milk,Morning,Thu,Oct,4,10,2024/10/10,23:20.1
9,card,35.76,Hot Chocolate,Morning,Thu,Oct,4,10,2024/10/10,51:44.2
10,card,35.76,Latte,Morning,Thu,Oct,4,10,2024/10/10,05:09.5
10,card,25.96,Cortado,Morning,Thu,Oct,4,10,2024/10/10,42:43.0
10,card,25.96,Cortado,Morning,Thu,Oct,4,10,2024/10/10,43:30.0
10,card,35.76,Latte,Morning,Thu,Oct,4,10,2024/10/10,55:32.6
11,card,35.76,Latte,Morning,Thu,Oct,4,10,2024/10/10,04:19.3
15,card,35.76,Cappuccino,Afternoon,Thu,Oct,4,10,2024/10/10,05:42.9
17,card,35.76,Latte,Night,Thu,Oct,4,10,2024/10/10,40:44.4
18,card,25.96,Americano,Night,Thu,Oct,4,10,2024/10/10,18:32.7
18,card,30.86,Americano with Milk,Night,Thu,Oct,4,10,2024/10/10,56:30.7
18,card,35.76,Latte,Night,Thu,Oct,4,10,2024/10/10,57:35.2
22,card,35.76,Hot Chocolate,Night,Thu,Oct,4,10,2024/10/10,33:17.0
22,card,35.76,Hot Chocolate,Night,Thu,Oct,4,10,2024/10/10,33:59.7
7,card,30.86,Americano with Milk,Morning,Fri,Oct,5,10,2024/10/11,54:51.6
8,card,35.76,Latte,Morning,Fri,Oct,5,10,2024/10/11,00:50.9
8,card,25.96,Cortado,Morning,Fri,Oct,5,10,2024/10/11,12:20.3
8,card,35.76,Latte,Morning,Fri,Oct,5,10,2024/10/11,28:18.9
8,card,35.76,Cocoa,Morning,Fri,Oct,5,10,2024/10/11,29:22.4
8,card,35.76,Cocoa,Morning,Fri,Oct,5,10,2024/10/11,55:43.8
8,card,30.86,Americano with Milk,Morning,Fri,Oct,5,10,2024/10/11,56:58.8
8,card,35.76,Hot Chocolate,Morning,Fri,Oct,5,10,2024/10/11,58:09.1
9,card,30.86,Americano with Milk,Morning,Fri,Oct,5,10,2024/10/11,31:42.3
9,card,25.96,Cortado,Morning,Fri,Oct,5,10,2024/10/11,38:46.9
10,card,25.96,Americano,Morning,Fri,Oct,5,10,2024/10/11,00:40.4
10,card,25.96,Americano,Morning,Fri,Oct,5,10,2024/10/11,01:54.9
10,card,30.86,Americano with Milk,Morning,Fri,Oct,5,10,2024/10/11,30:36.0
13,card,35.76,Latte,Afternoon,Fri,Oct,5,10,2024/10/11,05:01.4
13,card,25.96,Americano,Afternoon,Fri,Oct,5,10,2024/10/11,29:02.5
13,card,25.96,Americano,Afternoon,Fri,Oct,5,10,2024/10/11,30:09.0
14,card,35.76,Cocoa,Afternoon,Fri,Oct,5,10,2024/10/11,33:40.5
14,card,25.96,Americano,Afternoon,Fri,Oct,5,10,2024/10/11,35:29.3
14,card,35.76,Cappuccino,Afternoon,Fri,Oct,5,10,2024/10/11,50:08.8
17,card,35.76,Latte,Night,Fri,Oct,5,10,2024/10/11,12:07.3
17,card,35.76,Hot Chocolate,Night,Fri,Oct,5,10,2024/10/11,13:21.6
17,card,35.76,Hot Chocolate,Night,Fri,Oct,5,10,2024/10/11,26:11.2
21,card,35.76,Latte,Night,Fri,Oct,5,10,2024/10/11,48:37.7
21,card,30.86,Americano with Milk,Night,Fri,Oct,5,10,2024/10/11,53:53.6
22,card,35.76,Hot Chocolate,Night,Fri,Oct,5,10,2024/10/11,36:27.6
22,card,35.76,Hot Chocolate,Night,Fri,Oct,5,10,2024/10/11,37:26.7
8,card,25.96,Cortado,Morning,Sat,Oct,6,10,2024/10/12,28:15.5
10,card,25.96,Cortado,Morning,Sat,Oct,6,10,2024/10/12,31:38.9
10,card,25.96,Cortado,Morning,Sat,Oct,6,10,2024/10/12,32:55.5
11,card,35.76,Latte,Morning,Sat,Oct,6,10,2024/10/12,52:15.5
11,card,30.86,Americano with Milk,Morning,Sat,Oct,6,10,2024/10/12,53:41.1
13,card,35.76,Cappuccino,Afternoon,Sat,Oct,6,10,2024/10/12,18:47.1
20,card,35.76,Latte,Night,Sat,Oct,6,10,2024/10/12,10:53.9
9,card,25.96,Cortado,Morning,Sun,Oct,7,10,2024/10/13,54:55.2
12,card,30.86,Americano with Milk,Afternoon,Sun,Oct,7,10,2024/10/13,20:46.6
13,card,25.96,Cortado,Afternoon,Sun,Oct,7,10,2024/10/13,32:29.5
13,card,21.06,Espresso,Afternoon,Sun,Oct,7,10,2024/10/13,33:29.4
13,card,25.96,Cortado,Afternoon,Sun,Oct,7,10,2024/10/13,34:25.9
17,card,35.76,Latte,Night,Sun,Oct,7,10,2024/10/13,53:20.7
17,card,35.76,Latte,Night,Sun,Oct,7,10,2024/10/13,54:22.4
18,card,35.76,Cappuccino,Night,Sun,Oct,7,10,2024/10/13,22:58.8
20,card,35.76,Cappuccino,Night,Sun,Oct,7,10,2024/10/13,43:04.9
8,card,30.86,Americano with Milk,Morning,Mon,Oct,1,10,2024/10/14,26:54.6
9,card,35.76,Cocoa,Morning,Mon,Oct,1,10,2024/10/14,49:54.6
10,card,25.96,Cortado,Morning,Mon,Oct,1,10,2024/10/14,27:51.1
10,card,35.76,Latte,Morning,Mon,Oct,1,10,2024/10/14,38:06.8
10,card,35.76,Latte,Morning,Mon,Oct,1,10,2024/10/14,39:13.7
11,card,35.76,Cappuccino,Morning,Mon,Oct,1,10,2024/10/14,23:50.6
11,card,25.96,Americano,Morning,Mon,Oct,1,10,2024/10/14,25:37.3
11,card,25.96,Americano,Morning,Mon,Oct,1,10,2024/10/14,26:45.2
14,card,35.76,Latte,Afternoon,Mon,Oct,1,10,2024/10/14,36:07.1
14,card,35.76,Latte,Afternoon,Mon,Oct,1,10,2024/10/14,49:51.5
16,card,25.96,Americano,Afternoon,Mon,Oct,1,10,2024/10/14,37:47.5
18,card,35.76,Latte,Night,Mon,Oct,1,10,2024/10/14,19:19.2
18,card,35.76,Cappuccino,Night,Mon,Oct,1,10,2024/10/14,20:20.6
22,card,35.76,Latte,Night,Mon,Oct,1,10,2024/10/14,08:53.7
22,card,35.76,Latte,Night,Mon,Oct,1,10,2024/10/14,10:23.7
22,card,35.76,Latte,Night,Mon,Oct,1,10,2024/10/14,21:53.9
8,card,25.96,Cortado,Morning,Tue,Oct,2,10,2024/10/15,14:28.7
8,card,21.06,Espresso,Morning,Tue,Oct,2,10,2024/10/15,34:17.9
11,card,35.76,Hot Chocolate,Morning,Tue,Oct,2,10,2024/10/15,13:22.0
11,card,35.76,Latte,Morning,Tue,Oct,2,10,2024/10/15,15:20.6
11,card,35.76,Hot Chocolate,Morning,Tue,Oct,2,10,2024/10/15,16:27.5
13,card,35.76,Latte,Afternoon,Tue,Oct,2,10,2024/10/15,00:43.2
13,card,30.86,Americano with Milk,Afternoon,Tue,Oct,2,10,2024/10/15,15:44.8
15,card,35.76,Latte,Afternoon,Tue,Oct,2,10,2024/10/15,32:11.3
15,card,25.96,Americano,Afternoon,Tue,Oct,2,10,2024/10/15,54:16.5
15,card,21.06,Espresso,Afternoon,Tue,Oct,2,10,2024/10/15,55:19.0
17,card,35.76,Hot Chocolate,Night,Tue,Oct,2,10,2024/10/15,04:11.3
19,card,25.96,Americano,Night,Tue,Oct,2,10,2024/10/15,22:21.4
19,card,35.76,Cocoa,Night,Tue,Oct,2,10,2024/10/15,23:17.4
20,card,35.76,Latte,Night,Tue,Oct,2,10,2024/10/15,11:14.9
20,card,35.76,Latte,Night,Tue,Oct,2,10,2024/10/15,12:28.6
21,card,35.76,Hot Chocolate,Night,Tue,Oct,2,10,2024/10/15,18:08.4
21,card,35.76,Hot Chocolate,Night,Tue,Oct,2,10,2024/10/15,35:19.9
22,card,35.76,Latte,Night,Tue,Oct,2,10,2024/10/15,15:19.7
8,card,30.86,Americano with Milk,Morning,Wed,Oct,3,10,2024/10/16,21:26.0
8,card,35.76,Hot Chocolate,Morning,Wed,Oct,3,10,2024/10/16,36:23.6
9,card,35.76,Latte,Morning,Wed,Oct,3,10,2024/10/16,25:51.2
10,card,30.86,Americano with Milk,Morning,Wed,Oct,3,10,2024/10/16,15:47.9
10,card,30.86,Americano with Milk,Morning,Wed,Oct,3,10,2024/10/16,16:53.7
10,card,30.86,Americano with Milk,Morning,Wed,Oct,3,10,2024/10/16,45:25.0
11,card,25.96,Americano,Morning,Wed,Oct,3,10,2024/10/16,49:44.6
12,card,30.86,Americano with Milk,Afternoon,Wed,Oct,3,10,2024/10/16,29:44.3
13,card,25.96,Americano,Afternoon,Wed,Oct,3,10,2024/10/16,20:10.5
16,card,35.76,Latte,Afternoon,Wed,Oct,3,10,2024/10/16,45:29.5
17,card,30.86,Americano with Milk,Night,Wed,Oct,3,10,2024/10/16,43:20.7
19,card,30.86,Americano with Milk,Night,Wed,Oct,3,10,2024/10/16,37:42.4
19,card,30.86,Americano with Milk,Night,Wed,Oct,3,10,2024/10/16,38:36.6
21,card,35.76,Hot Chocolate,Night,Wed,Oct,3,10,2024/10/16,20:28.5
7,card,35.76,Latte,Morning,Thu,Oct,4,10,2024/10/17,47:00.9
7,card,35.76,Latte,Morning,Thu,Oct,4,10,2024/10/17,58:06.8
9,card,30.86,Americano with Milk,Morning,Thu,Oct,4,10,2024/10/17,24:27.2
10,card,35.76,Latte,Morning,Thu,Oct,4,10,2024/10/17,26:37.8
10,card,35.76,Hot Chocolate,Morning,Thu,Oct,4,10,2024/10/17,44:54.2
11,card,30.86,Americano with Milk,Morning,Thu,Oct,4,10,2024/10/17,59:26.9
13,card,35.76,Latte,Afternoon,Thu,Oct,4,10,2024/10/17,57:24.9
14,card,25.96,Americano,Afternoon,Thu,Oct,4,10,2024/10/17,34:42.6
16,card,35.76,Hot Chocolate,Afternoon,Thu,Oct,4,10,2024/10/17,37:12.6
16,card,35.76,Hot Chocolate,Afternoon,Thu,Oct,4,10,2024/10/17,38:18.0
16,card,35.76,Latte,Afternoon,Thu,Oct,4,10,2024/10/17,39:09.6
16,card,35.76,Hot Chocolate,Afternoon,Thu,Oct,4,10,2024/10/17,48:35.9
16,card,35.76,Hot Chocolate,Afternoon,Thu,Oct,4,10,2024/10/17,49:33.2
17,card,35.76,Cappuccino,Night,Thu,Oct,4,10,2024/10/17,08:27.8
17,card,35.76,Hot Chocolate,Night,Thu,Oct,4,10,2024/10/17,09:30.3
19,card,35.76,Latte,Night,Thu,Oct,4,10,2024/10/17,43:12.2
20,card,30.86,Americano with Milk,Night,Thu,Oct,4,10,2024/10/17,11:36.4
21,card,35.76,Latte,Night,Thu,Oct,4,10,2024/10/17,46:12.9
21,card,35.76,Latte,Night,Thu,Oct,4,10,2024/10/17,47:20.5
21,card,35.76,Latte,Night,Thu,Oct,4,10,2024/10/17,48:31.7
21,card,35.76,Hot Chocolate,Night,Thu,Oct,4,10,2024/10/17,49:54.6
8,card,35.76,Cocoa,Morning,Fri,Oct,5,10,2024/10/18,41:59.5
8,card,35.76,Cocoa,Morning,Fri,Oct,5,10,2024/10/18,42:59.2
9,card,35.76,Cocoa,Morning,Fri,Oct,5,10,2024/10/18,32:41.5
9,card,35.76,Cocoa,Morning,Fri,Oct,5,10,2024/10/18,34:08.0
9,card,35.76,Cappuccino,Morning,Fri,Oct,5,10,2024/10/18,55:20.2
11,card,35.76,Cappuccino,Morning,Fri,Oct,5,10,2024/10/18,54:58.8
14,card,35.76,Latte,Afternoon,Fri,Oct,5,10,2024/10/18,51:04.1
14,card,35.76,Cappuccino,Afternoon,Fri,Oct,5,10,2024/10/18,52:15.3
15,card,25.96,Americano,Afternoon,Fri,Oct,5,10,2024/10/18,39:20.0
16,card,35.76,Latte,Afternoon,Fri,Oct,5,10,2024/10/18,09:57.9
17,card,35.76,Hot Chocolate,Night,Fri,Oct,5,10,2024/10/18,45:39.0
21,card,35.76,Cocoa,Night,Fri,Oct,5,10,2024/10/18,14:40.2
21,card,35.76,Cocoa,Night,Fri,Oct,5,10,2024/10/18,15:22.5
21,card,30.86,Americano with Milk,Night,Fri,Oct,5,10,2024/10/18,52:23.4
22,card,35.76,Latte,Night,Fri,Oct,5,10,2024/10/18,03:27.0
8,card,30.86,Americano with Milk,Morning,Sat,Oct,6,10,2024/10/19,34:13.7
13,card,35.76,Latte,Afternoon,Sat,Oct,6,10,2024/10/19,22:06.1
14,card,35.76,Cappuccino,Afternoon,Sat,Oct,6,10,2024/10/19,10:32.6
15,card,35.76,Hot Chocolate,Afternoon,Sat,Oct,6,10,2024/10/19,56:55.2
15,card,35.76,Latte,Afternoon,Sat,Oct,6,10,2024/10/19,59:24.1
16,card,35.76,Latte,Afternoon,Sat,Oct,6,10,2024/10/19,02:45.8
16,card,35.76,Latte,Afternoon,Sat,Oct,6,10,2024/10/19,17:42.5
21,card,35.76,Cocoa,Night,Sat,Oct,6,10,2024/10/19,46:45.5
22,card,35.76,Cappuccino,Night,Sat,Oct,6,10,2024/10/19,46:37.7
8,card,35.76,Latte,Morning,Sun,Oct,7,10,2024/10/20,40:44.0
8,card,35.76,Cocoa,Morning,Sun,Oct,7,10,2024/10/20,41:50.5
11,card,35.76,Latte,Morning,Sun,Oct,7,10,2024/10/20,16:51.8
14,card,35.76,Hot Chocolate,Afternoon,Sun,Oct,7,10,2024/10/20,28:46.0
14,card,25.96,Cortado,Afternoon,Sun,Oct,7,10,2024/10/20,29:43.5
15,card,30.86,Americano with Milk,Afternoon,Sun,Oct,7,10,2024/10/20,52:45.1
16,card,35.76,Latte,Afternoon,Sun,Oct,7,10,2024/10/20,45:09.8
16,card,35.76,Latte,Afternoon,Sun,Oct,7,10,2024/10/20,46:04.8
17,card,35.76,Latte,Night,Sun,Oct,7,10,2024/10/20,27:05.8
18,card,35.76,Cocoa,Night,Sun,Oct,7,10,2024/10/20,34:16.4
18,card,35.76,Cocoa,Night,Sun,Oct,7,10,2024/10/20,35:08.2
21,card,35.76,Hot Chocolate,Night,Sun,Oct,7,10,2024/10/20,14:18.0
21,card,25.96,Cortado,Night,Sun,Oct,7,10,2024/10/20,15:17.8
21,card,35.76,Cocoa,Night,Sun,Oct,7,10,2024/10/20,17:26.9
21,card,35.76,Latte,Night,Sun,Oct,7,10,2024/10/20,25:00.1
22,card,35.76,Cappuccino,Night,Sun,Oct,7,10,2024/10/20,17:29.0
7,card,35.76,Latte,Morning,Mon,Oct,1,10,2024/10/21,48:43.1
8,card,35.76,Latte,Morning,Mon,Oct,1,10,2024/10/21,19:56.4
9,card,30.86,Americano with Milk,Morning,Mon,Oct,1,10,2024/10/21,04:54.4
9,card,35.76,Latte,Morning,Mon,Oct,1,10,2024/10/21,34:25.5
10,card,25.96,Americano,Morning,Mon,Oct,1,10,2024/10/21,25:09.3
10,card,25.96,Cortado,Morning,Mon,Oct,1,10,2024/10/21,41:44.7
10,card,25.96,Cortado,Morning,Mon,Oct,1,10,2024/10/21,42:35.6
11,card,21.06,Espresso,Morning,Mon,Oct,1,10,2024/10/21,27:41.7
12,card,35.76,Cappuccino,Afternoon,Mon,Oct,1,10,2024/10/21,40:24.3
14,card,35.76,Latte,Afternoon,Mon,Oct,1,10,2024/10/21,42:56.0
14,card,35.76,Latte,Afternoon,Mon,Oct,1,10,2024/10/21,43:58.0
15,card,30.86,Americano with Milk,Afternoon,Mon,Oct,1,10,2024/10/21,27:02.4
15,card,25.96,Cortado,Afternoon,Mon,Oct,1,10,2024/10/21,39:04.7
16,card,35.76,Cocoa,Afternoon,Mon,Oct,1,10,2024/10/21,42:57.5
16,card,35.76,Latte,Afternoon,Mon,Oct,1,10,2024/10/21,55:22.5
19,card,35.76,Hot Chocolate,Night,Mon,Oct,1,10,2024/10/21,21:13.4
21,card,35.76,Latte,Night,Mon,Oct,1,10,2024/10/21,05:36.1
22,card,35.76,Cocoa,Night,Mon,Oct,1,10,2024/10/21,30:44.5
22,card,35.76,Hot Chocolate,Night,Mon,Oct,1,10,2024/10/21,31:34.0
7,card,35.76,Latte,Morning,Tue,Oct,2,10,2024/10/22,32:59.5
7,card,35.76,Cappuccino,Morning,Tue,Oct,2,10,2024/10/22,34:00.0
8,card,30.86,Americano with Milk,Morning,Tue,Oct,2,10,2024/10/22,25:32.2
9,card,25.96,Cortado,Morning,Tue,Oct,2,10,2024/10/22,17:50.4
10,card,21.06,Espresso,Morning,Tue,Oct,2,10,2024/10/22,51:32.3
10,card,25.96,Cortado,Morning,Tue,Oct,2,10,2024/10/22,52:17.1
18,card,25.96,Americano,Night,Tue,Oct,2,10,2024/10/22,07:02.6
19,card,35.76,Hot Chocolate,Night,Tue,Oct,2,10,2024/10/22,46:39.2
19,card,35.76,Latte,Night,Tue,Oct,2,10,2024/10/22,47:50.5
7,card,35.76,Latte,Morning,Wed,Oct,3,10,2024/10/23,58:06.8
8,card,30.86,Americano with Milk,Morning,Wed,Oct,3,10,2024/10/23,45:14.8
10,card,25.96,Cortado,Morning,Wed,Oct,3,10,2024/10/23,24:57.8
12,card,30.86,Americano with Milk,Afternoon,Wed,Oct,3,10,2024/10/23,31:05.4
16,card,30.86,Americano with Milk,Afternoon,Wed,Oct,3,10,2024/10/23,20:02.3
16,card,30.86,Americano with Milk,Afternoon,Wed,Oct,3,10,2024/10/23,21:09.0
16,card,35.76,Cappuccino,Afternoon,Wed,Oct,3,10,2024/10/23,42:30.2
17,card,21.06,Espresso,Night,Wed,Oct,3,10,2024/10/23,02:46.3
18,card,35.76,Cocoa,Night,Wed,Oct,3,10,2024/10/23,58:58.5
19,card,35.76,Cappuccino,Night,Wed,Oct,3,10,2024/10/23,00:43.0
21,card,30.86,Americano with Milk,Night,Wed,Oct,3,10,2024/10/23,57:20.7
21,card,35.76,Hot Chocolate,Night,Wed,Oct,3,10,2024/10/23,58:23.7
22,card,35.76,Latte,Night,Wed,Oct,3,10,2024/10/23,23:38.3
12,card,25.96,Americano,Afternoon,Thu,Oct,4,10,2024/10/24,07:46.6
13,card,35.76,Cappuccino,Afternoon,Thu,Oct,4,10,2024/10/24,23:59.6
14,card,35.76,Cappuccino,Afternoon,Thu,Oct,4,10,2024/10/24,09:46.7
14,card,35.76,Hot Chocolate,Afternoon,Thu,Oct,4,10,2024/10/24,49:01.9
14,card,35.76,Latte,Afternoon,Thu,Oct,4,10,2024/10/24,49:49.3
15,card,35.76,Latte,Afternoon,Thu,Oct,4,10,2024/10/24,47:32.8
15,card,35.76,Latte,Afternoon,Thu,Oct,4,10,2024/10/24,48:29.9
18,card,25.96,Americano,Night,Thu,Oct,4,10,2024/10/24,53:47.3
18,card,25.96,Americano,Night,Thu,Oct,4,10,2024/10/24,55:07.6
19,card,35.76,Latte,Night,Thu,Oct,4,10,2024/10/24,50:18.7
20,card,25.96,Americano,Night,Thu,Oct,4,10,2024/10/24,44:11.5
21,card,35.76,Hot Chocolate,Night,Thu,Oct,4,10,2024/10/24,14:44.9
21,card,35.76,Hot Chocolate,Night,Thu,Oct,4,10,2024/10/24,15:29.1
21,card,35.76,Hot Chocolate,Night,Thu,Oct,4,10,2024/10/24,56:20.1
21,card,35.76,Cappuccino,Night,Thu,Oct,4,10,2024/10/24,57:10.0
7,card,35.76,Cappuccino,Morning,Fri,Oct,5,10,2024/10/25,38:11.1
7,card,21.06,Espresso,Morning,Fri,Oct,5,10,2024/10/25,45:22.9
8,card,35.76,Cocoa,Morning,Fri,Oct,5,10,2024/10/25,10:04.8
8,card,35.76,Latte,Morning,Fri,Oct,5,10,2024/10/25,10:54.6
8,card,35.76,Cocoa,Morning,Fri,Oct,5,10,2024/10/25,18:49.8
10,card,25.96,Americano,Morning,Fri,Oct,5,10,2024/10/25,03:28.3
10,card,25.96,Americano,Morning,Fri,Oct,5,10,2024/10/25,05:21.0
10,card,30.86,Americano with Milk,Morning,Fri,Oct,5,10,2024/10/25,51:01.3
11,card,35.76,Cocoa,Morning,Fri,Oct,5,10,2024/10/25,49:42.9
11,card,35.76,Cocoa,Morning,Fri,Oct,5,10,2024/10/25,50:30.4
12,card,25.96,Cortado,Afternoon,Fri,Oct,5,10,2024/10/25,06:50.2
12,card,35.76,Latte,Afternoon,Fri,Oct,5,10,2024/10/25,40:37.5
14,card,35.76,Cappuccino,Afternoon,Fri,Oct,5,10,2024/10/25,23:16.6
22,card,35.76,Hot Chocolate,Night,Fri,Oct,5,10,2024/10/25,19:24.0
22,card,21.06,Espresso,Night,Fri,Oct,5,10,2024/10/25,22:31.7
7,card,35.76,Cappuccino,Morning,Sat,Oct,6,10,2024/10/26,49:59.2
8,card,25.96,Cortado,Morning,Sat,Oct,6,10,2024/10/26,41:44.5
8,card,35.76,Cappuccino,Morning,Sat,Oct,6,10,2024/10/26,52:59.6
10,card,25.96,Americano,Morning,Sat,Oct,6,10,2024/10/26,24:38.3
12,card,35.76,Cocoa,Afternoon,Sat,Oct,6,10,2024/10/26,18:09.3
13,card,35.76,Latte,Afternoon,Sat,Oct,6,10,2024/10/26,03:31.0
14,card,35.76,Latte,Afternoon,Sat,Oct,6,10,2024/10/26,34:58.7
14,card,30.86,Americano with Milk,Afternoon,Sat,Oct,6,10,2024/10/26,36:14.9
15,card,25.96,Cortado,Afternoon,Sat,Oct,6,10,2024/10/26,05:22.1
15,card,25.96,Cortado,Afternoon,Sat,Oct,6,10,2024/10/26,06:19.1
15,card,35.76,Latte,Afternoon,Sat,Oct,6,10,2024/10/26,38:28.7
15,card,35.76,Latte,Afternoon,Sat,Oct,6,10,2024/10/26,39:29.6
15,card,30.86,Americano with Milk,Afternoon,Sat,Oct,6,10,2024/10/26,52:01.7
15,card,30.86,Americano with Milk,Afternoon,Sat,Oct,6,10,2024/10/26,53:21.5
19,card,35.76,Cappuccino,Night,Sat,Oct,6,10,2024/10/26,19:21.3
20,card,30.86,Americano with Milk,Night,Sat,Oct,6,10,2024/10/26,34:46.7
11,card,30.86,Americano with Milk,Morning,Sun,Oct,7,10,2024/10/27,01:56.9
12,card,35.76,Latte,Afternoon,Sun,Oct,7,10,2024/10/27,53:26.0
12,card,30.86,Americano with Milk,Afternoon,Sun,Oct,7,10,2024/10/27,54:27.5
13,card,35.76,Cappuccino,Afternoon,Sun,Oct,7,10,2024/10/27,43:46.6
16,card,35.76,Latte,Afternoon,Sun,Oct,7,10,2024/10/27,17:06.2
7,card,35.76,Cappuccino,Morning,Mon,Oct,1,10,2024/10/28,46:28.2
8,card,25.96,Americano,Morning,Mon,Oct,1,10,2024/10/28,01:12.3
8,card,35.76,Latte,Morning,Mon,Oct,1,10,2024/10/28,35:02.9
9,card,30.86,Americano with Milk,Morning,Mon,Oct,1,10,2024/10/28,15:42.8
11,card,35.76,Latte,Morning,Mon,Oct,1,10,2024/10/28,42:36.5
11,card,35.76,Latte,Morning,Mon,Oct,1,10,2024/10/28,43:43.3
12,card,35.76,Hot Chocolate,Afternoon,Mon,Oct,1,10,2024/10/28,01:36.1
12,card,30.86,Americano with Milk,Afternoon,Mon,Oct,1,10,2024/10/28,02:34.8
12,card,35.76,Cappuccino,Afternoon,Mon,Oct,1,10,2024/10/28,21:30.4
14,card,30.86,Americano with Milk,Afternoon,Mon,Oct,1,10,2024/10/28,10:54.6
14,card,30.86,Americano with Milk,Afternoon,Mon,Oct,1,10,2024/10/28,11:56.3
14,card,30.86,Americano with Milk,Afternoon,Mon,Oct,1,10,2024/10/28,30:59.6
16,card,35.76,Latte,Afternoon,Mon,Oct,1,10,2024/10/28,01:20.5
17,card,35.76,Cocoa,Night,Mon,Oct,1,10,2024/10/28,55:18.1
17,card,35.76,Cocoa,Night,Mon,Oct,1,10,2024/10/28,56:02.4
19,card,35.76,Cappuccino,Night,Mon,Oct,1,10,2024/10/28,10:25.3
21,card,30.86,Americano with Milk,Night,Mon,Oct,1,10,2024/10/28,20:03.6
22,card,30.86,Americano with Milk,Night,Mon,Oct,1,10,2024/10/28,05:50.8
8,card,35.76,Latte,Morning,Tue,Oct,2,10,2024/10/29,40:52.4
8,card,35.76,Latte,Morning,Tue,Oct,2,10,2024/10/29,47:05.6
9,card,35.76,Latte,Morning,Tue,Oct,2,10,2024/10/29,31:57.7
11,card,30.86,Americano with Milk,Morning,Tue,Oct,2,10,2024/10/29,59:46.7
12,card,21.06,Espresso,Afternoon,Tue,Oct,2,10,2024/10/29,21:36.8
14,card,25.96,Cortado,Afternoon,Tue,Oct,2,10,2024/10/29,15:43.8
14,card,25.96,Cortado,Afternoon,Tue,Oct,2,10,2024/10/29,17:00.7
14,card,35.76,Cappuccino,Afternoon,Tue,Oct,2,10,2024/10/29,37:36.0
16,card,35.76,Hot Chocolate,Afternoon,Tue,Oct,2,10,2024/10/29,09:33.7
16,card,35.76,Cocoa,Afternoon,Tue,Oct,2,10,2024/10/29,10:56.8
16,card,35.76,Cocoa,Afternoon,Tue,Oct,2,10,2024/10/29,17:33.4
18,card,30.86,Americano with Milk,Night,Tue,Oct,2,10,2024/10/29,02:04.4
18,card,30.86,Americano with Milk,Night,Tue,Oct,2,10,2024/10/29,02:57.4
19,card,30.86,Americano with Milk,Night,Tue,Oct,2,10,2024/10/29,02:05.4
19,card,35.76,Cappuccino,Night,Tue,Oct,2,10,2024/10/29,05:44.4
19,card,35.76,Hot Chocolate,Night,Tue,Oct,2,10,2024/10/29,51:12.9
19,card,35.76,Latte,Night,Tue,Oct,2,10,2024/10/29,54:02.4
20,card,35.76,Latte,Night,Tue,Oct,2,10,2024/10/29,07:35.7
7,card,35.76,Latte,Morning,Wed,Oct,3,10,2024/10/30,52:05.5
8,card,30.86,Americano with Milk,Morning,Wed,Oct,3,10,2024/10/30,46:26.8
8,card,30.86,Americano with Milk,Morning,Wed,Oct,3,10,2024/10/30,47:29.3
9,card,35.76,Latte,Morning,Wed,Oct,3,10,2024/10/30,11:29.4
10,card,35.76,Latte,Morning,Wed,Oct,3,10,2024/10/30,31:53.2
10,card,35.76,Latte,Morning,Wed,Oct,3,10,2024/10/30,33:07.7
12,card,35.76,Latte,Afternoon,Wed,Oct,3,10,2024/10/30,08:45.9
12,card,25.96,Americano,Afternoon,Wed,Oct,3,10,2024/10/30,09:46.8
12,card,30.86,Americano with Milk,Afternoon,Wed,Oct,3,10,2024/10/30,10:58.4
12,card,25.96,Americano,Afternoon,Wed,Oct,3,10,2024/10/30,37:00.8
15,card,35.76,Latte,Afternoon,Wed,Oct,3,10,2024/10/30,05:15.2
15,card,35.76,Latte,Afternoon,Wed,Oct,3,10,2024/10/30,07:03.0
16,card,30.86,Americano with Milk,Afternoon,Wed,Oct,3,10,2024/10/30,04:48.4
18,card,35.76,Hot Chocolate,Night,Wed,Oct,3,10,2024/10/30,08:12.5
19,card,30.86,Americano with Milk,Night,Wed,Oct,3,10,2024/10/30,18:31.5
19,card,30.86,Americano with Milk,Night,Wed,Oct,3,10,2024/10/30,43:21.2
7,card,35.76,Latte,Morning,Thu,Oct,4,10,2024/10/31,54:17.3
8,card,35.76,Latte,Morning,Thu,Oct,4,10,2024/10/31,38:53.9
9,card,30.86,Americano with Milk,Morning,Thu,Oct,4,10,2024/10/31,18:19.1
15,card,35.76,Latte,Afternoon,Thu,Oct,4,10,2024/10/31,59:26.7
16,card,30.86,Americano with Milk,Afternoon,Thu,Oct,4,10,2024/10/31,00:31.0
8,card,35.76,Cocoa,Morning,Fri,Nov,5,11,2024/11/01,24:03.4
8,card,25.96,Americano,Morning,Fri,Nov,5,11,2024/11/01,30:57.6
10,card,35.76,Latte,Morning,Fri,Nov,5,11,2024/11/01,54:50.4
12,card,35.76,Cocoa,Afternoon,Fri,Nov,5,11,2024/11/01,41:26.5
12,card,35.76,Cocoa,Afternoon,Fri,Nov,5,11,2024/11/01,42:18.4
15,card,25.96,Cortado,Afternoon,Fri,Nov,5,11,2024/11/01,55:42.4
22,card,30.86,Americano with Milk,Night,Fri,Nov,5,11,2024/11/01,41:55.9
8,card,25.96,Cortado,Morning,Sat,Nov,6,11,2024/11/02,19:44.3
10,card,35.76,Cocoa,Morning,Sat,Nov,6,11,2024/11/02,25:46.0
10,card,30.86,Americano with Milk,Morning,Sat,Nov,6,11,2024/11/02,33:09.6
14,card,30.86,Americano with Milk,Afternoon,Sat,Nov,6,11,2024/11/02,54:14.6
16,card,35.76,Hot Chocolate,Afternoon,Sat,Nov,6,11,2024/11/02,24:15.9
16,card,35.76,Latte,Afternoon,Sat,Nov,6,11,2024/11/02,25:57.0
16,card,35.76,Latte,Afternoon,Sat,Nov,6,11,2024/11/02,37:05.0
18,card,30.86,Americano with Milk,Night,Sat,Nov,6,11,2024/11/02,18:27.2
18,card,25.96,Americano,Night,Sat,Nov,6,11,2024/11/02,58:23.5
8,card,25.96,Cortado,Morning,Sun,Nov,7,11,2024/11/03,23:00.4
9,card,30.86,Americano with Milk,Morning,Sun,Nov,7,11,2024/11/03,47:06.0
9,card,30.86,Americano with Milk,Morning,Sun,Nov,7,11,2024/11/03,48:12.0
13,card,35.76,Latte,Afternoon,Sun,Nov,7,11,2024/11/03,13:51.4
13,card,30.86,Americano with Milk,Afternoon,Sun,Nov,7,11,2024/11/03,14:56.7
13,card,35.76,Cocoa,Afternoon,Sun,Nov,7,11,2024/11/03,18:24.7
13,card,25.96,Americano,Afternoon,Sun,Nov,7,11,2024/11/03,44:18.5
13,card,30.86,Americano with Milk,Afternoon,Sun,Nov,7,11,2024/11/03,59:01.1
16,card,35.76,Hot Chocolate,Afternoon,Sun,Nov,7,11,2024/11/03,15:17.7
16,card,35.76,Hot Chocolate,Afternoon,Sun,Nov,7,11,2024/11/03,16:43.5
16,card,25.96,Americano,Afternoon,Sun,Nov,7,11,2024/11/03,20:37.1
16,card,25.96,Americano,Afternoon,Sun,Nov,7,11,2024/11/03,21:46.1
20,card,35.76,Cocoa,Night,Sun,Nov,7,11,2024/11/03,26:14.6
7,card,35.76,Latte,Morning,Mon,Nov,1,11,2024/11/04,43:36.9
8,card,35.76,Latte,Morning,Mon,Nov,1,11,2024/11/04,37:33.3
8,card,30.86,Americano with Milk,Morning,Mon,Nov,1,11,2024/11/04,38:58.9
12,card,25.96,Americano,Afternoon,Mon,Nov,1,11,2024/11/04,33:35.8
12,card,30.86,Americano with Milk,Afternoon,Mon,Nov,1,11,2024/11/04,35:06.1
14,card,35.76,Cocoa,Afternoon,Mon,Nov,1,11,2024/11/04,44:38.1
14,card,35.76,Cocoa,Afternoon,Mon,Nov,1,11,2024/11/04,45:20.0
7,card,35.76,Cocoa,Morning,Tue,Nov,2,11,2024/11/05,49:31.6
9,card,30.86,Americano with Milk,Morning,Tue,Nov,2,11,2024/11/05,05:41.8
9,card,35.76,Cappuccino,Morning,Tue,Nov,2,11,2024/11/05,12:12.3
9,card,30.86,Americano with Milk,Morning,Tue,Nov,2,11,2024/11/05,13:40.4
10,card,30.86,Americano with Milk,Morning,Tue,Nov,2,11,2024/11/05,41:44.3
11,card,35.76,Cocoa,Morning,Tue,Nov,2,11,2024/11/05,47:29.9
11,card,35.76,Latte,Morning,Tue,Nov,2,11,2024/11/05,48:22.5
14,card,35.76,Latte,Afternoon,Tue,Nov,2,11,2024/11/05,36:37.9
14,card,35.76,Latte,Afternoon,Tue,Nov,2,11,2024/11/05,41:48.0
18,card,35.76,Cappuccino,Night,Tue,Nov,2,11,2024/11/05,52:56.3
18,card,35.76,Cappuccino,Night,Tue,Nov,2,11,2024/11/05,54:10.7
18,card,35.76,Cappuccino,Night,Tue,Nov,2,11,2024/11/05,55:18.6
21,card,35.76,Cocoa,Night,Tue,Nov,2,11,2024/11/05,40:44.7
21,card,35.76,Cocoa,Night,Tue,Nov,2,11,2024/11/05,42:02.8
21,card,35.76,Hot Chocolate,Night,Tue,Nov,2,11,2024/11/05,54:19.6
22,card,35.76,Hot Chocolate,Night,Tue,Nov,2,11,2024/11/05,05:50.6
22,card,30.86,Americano with Milk,Night,Tue,Nov,2,11,2024/11/05,06:39.0
8,card,35.76,Latte,Morning,Wed,Nov,3,11,2024/11/06,11:25.1
11,card,21.06,Espresso,Morning,Wed,Nov,3,11,2024/11/06,45:31.2
13,card,25.96,Americano,Afternoon,Wed,Nov,3,11,2024/11/06,15:32.9
15,card,35.76,Cappuccino,Afternoon,Wed,Nov,3,11,2024/11/06,44:16.5
16,card,35.76,Latte,Afternoon,Wed,Nov,3,11,2024/11/06,00:43.8
16,card,35.76,Cappuccino,Afternoon,Wed,Nov,3,11,2024/11/06,02:05.1
18,card,35.76,Hot Chocolate,Night,Wed,Nov,3,11,2024/11/06,40:42.9
18,card,35.76,Hot Chocolate,Night,Wed,Nov,3,11,2024/11/06,41:30.7
12,card,35.76,Latte,Afternoon,Thu,Nov,4,11,2024/11/07,17:16.0
15,card,25.96,Americano,Afternoon,Thu,Nov,4,11,2024/11/07,50:10.6
16,card,25.96,Americano,Afternoon,Thu,Nov,4,11,2024/11/07,39:39.4
18,card,35.76,Cocoa,Night,Thu,Nov,4,11,2024/11/07,17:33.7
19,card,35.76,Hot Chocolate,Night,Thu,Nov,4,11,2024/11/07,20:14.8
19,card,35.76,Latte,Night,Thu,Nov,4,11,2024/11/07,21:38.0
20,card,35.76,Latte,Night,Thu,Nov,4,11,2024/11/07,02:30.7
9,card,30.86,Americano with Milk,Morning,Fri,Nov,5,11,2024/11/08,05:42.1
9,card,25.96,Americano,Morning,Fri,Nov,5,11,2024/11/08,47:30.9
9,card,25.96,Americano,Morning,Fri,Nov,5,11,2024/11/08,48:59.7
11,card,35.76,Cappuccino,Morning,Fri,Nov,5,11,2024/11/08,47:11.4
13,card,35.76,Latte,Afternoon,Fri,Nov,5,11,2024/11/08,25:13.4
13,card,35.76,Latte,Afternoon,Fri,Nov,5,11,2024/11/08,26:17.6
16,card,30.86,Americano with Milk,Afternoon,Fri,Nov,5,11,2024/11/08,33:02.9
16,card,30.86,Americano with Milk,Afternoon,Fri,Nov,5,11,2024/11/08,55:28.0
20,card,35.76,Hot Chocolate,Night,Fri,Nov,5,11,2024/11/08,13:32.2
20,card,35.76,Hot Chocolate,Night,Fri,Nov,5,11,2024/11/08,14:24.3
20,card,35.76,Hot Chocolate,Night,Fri,Nov,5,11,2024/11/08,20:15:20
22,card,35.76,Latte,Night,Fri,Nov,5,11,2024/11/08,27:09.7
10,card,30.86,Americano with Milk,Morning,Sat,Nov,6,11,2024/11/09,08:18.8
11,card,25.96,Cortado,Morning,Sat,Nov,6,11,2024/11/09,02:08.0
11,card,25.96,Cortado,Morning,Sat,Nov,6,11,2024/11/09,03:00.6
11,card,35.76,Latte,Morning,Sat,Nov,6,11,2024/11/09,08:44.2
13,card,35.76,Hot Chocolate,Afternoon,Sat,Nov,6,11,2024/11/09,50:14.7
13,card,35.76,Hot Chocolate,Afternoon,Sat,Nov,6,11,2024/11/09,50:55.2
14,card,35.76,Hot Chocolate,Afternoon,Sat,Nov,6,11,2024/11/09,21:51.6
14,card,35.76,Hot Chocolate,Afternoon,Sat,Nov,6,11,2024/11/09,22:50.4
14,card,25.96,Americano,Afternoon,Sat,Nov,6,11,2024/11/09,37:33.2
15,card,30.86,Americano with Milk,Afternoon,Sat,Nov,6,11,2024/11/09,29:50.9
16,card,35.76,Latte,Afternoon,Sat,Nov,6,11,2024/11/09,15:47.8
16,card,35.76,Cocoa,Afternoon,Sat,Nov,6,11,2024/11/09,16:52.4
20,card,25.96,Americano,Night,Sat,Nov,6,11,2024/11/09,42:04.5
20,card,35.76,Latte,Night,Sat,Nov,6,11,2024/11/09,43:27.5
22,card,35.76,Cocoa,Night,Sat,Nov,6,11,2024/11/09,13:27.7
22,card,25.96,Americano,Night,Sat,Nov,6,11,2024/11/09,52:58.1
22,card,25.96,Americano,Night,Sat,Nov,6,11,2024/11/09,54:19.1
9,card,25.96,Americano,Morning,Sun,Nov,7,11,2024/11/10,46:21.8
17,card,35.76,Cocoa,Night,Sun,Nov,7,11,2024/11/10,52:47.9
18,card,35.76,Hot Chocolate,Night,Sun,Nov,7,11,2024/11/10,12:53.4
18,card,35.76,Hot Chocolate,Night,Sun,Nov,7,11,2024/11/10,14:03.6
20,card,35.76,Cappuccino,Night,Sun,Nov,7,11,2024/11/10,38:08.1
20,card,35.76,Cappuccino,Night,Sun,Nov,7,11,2024/11/10,39:06.8
7,card,35.76,Cappuccino,Morning,Mon,Nov,1,11,2024/11/11,48:26.8
9,card,30.86,Americano with Milk,Morning,Mon,Nov,1,11,2024/11/11,52:25.8
10,card,25.96,Cortado,Morning,Mon,Nov,1,11,2024/11/11,19:09.5
16,card,35.76,Cappuccino,Afternoon,Mon,Nov,1,11,2024/11/11,16:18:44
16,card,35.76,Hot Chocolate,Afternoon,Mon,Nov,1,11,2024/11/11,19:52.7
17,card,35.76,Cappuccino,Night,Mon,Nov,1,11,2024/11/11,33:32.1
19,card,35.76,Latte,Night,Mon,Nov,1,11,2024/11/11,00:46.9
19,card,35.76,Hot Chocolate,Night,Mon,Nov,1,11,2024/11/11,04:15.5
21,card,35.76,Latte,Night,Mon,Nov,1,11,2024/11/11,08:31.7
21,card,35.76,Latte,Night,Mon,Nov,1,11,2024/11/11,09:47.0
10,card,35.76,Latte,Morning,Tue,Nov,2,11,2024/11/12,03:08.6
13,card,35.76,Latte,Afternoon,Tue,Nov,2,11,2024/11/12,15:45.4
14,card,35.76,Latte,Afternoon,Tue,Nov,2,11,2024/11/12,39:14.9
16,card,35.76,Hot Chocolate,Afternoon,Tue,Nov,2,11,2024/11/12,47:14.4
16,card,35.76,Hot Chocolate,Afternoon,Tue,Nov,2,11,2024/11/12,48:04.9
16,card,35.76,Cocoa,Afternoon,Tue,Nov,2,11,2024/11/12,49:03.9
18,card,35.76,Cappuccino,Night,Tue,Nov,2,11,2024/11/12,45:14.3
20,card,35.76,Latte,Night,Tue,Nov,2,11,2024/11/12,07:57.8
20,card,35.76,Cocoa,Night,Tue,Nov,2,11,2024/11/12,09:21.8
8,card,30.86,Americano with Milk,Morning,Wed,Nov,3,11,2024/11/13,09:10.9
10,card,35.76,Latte,Morning,Wed,Nov,3,11,2024/11/13,37:43.3
13,card,30.86,Americano with Milk,Afternoon,Wed,Nov,3,11,2024/11/13,19:54.6
13,card,30.86,Americano with Milk,Afternoon,Wed,Nov,3,11,2024/11/13,20:58.5
14,card,30.86,Americano with Milk,Afternoon,Wed,Nov,3,11,2024/11/13,17:30.2
14,card,35.76,Latte,Afternoon,Wed,Nov,3,11,2024/11/13,46:58.4
9,card,35.76,Latte,Morning,Thu,Nov,4,11,2024/11/14,36:27.8
10,card,25.96,Americano,Morning,Thu,Nov,4,11,2024/11/14,06:42.7
12,card,21.06,Espresso,Afternoon,Thu,Nov,4,11,2024/11/14,48:50.5
15,card,35.76,Cappuccino,Afternoon,Thu,Nov,4,11,2024/11/14,03:45.4
15,card,35.76,Latte,Afternoon,Thu,Nov,4,11,2024/11/14,04:56.7
15,card,35.76,Cappuccino,Afternoon,Thu,Nov,4,11,2024/11/14,05:49.8
16,card,30.86,Americano with Milk,Afternoon,Thu,Nov,4,11,2024/11/14,13:08.3
16,card,35.76,Cappuccino,Afternoon,Thu,Nov,4,11,2024/11/14,14:21.6
19,card,35.76,Hot Chocolate,Night,Thu,Nov,4,11,2024/11/14,43:26.5
19,card,35.76,Hot Chocolate,Night,Thu,Nov,4,11,2024/11/14,46:37.1
20,card,35.76,Cocoa,Night,Thu,Nov,4,11,2024/11/14,31:30.0
20,card,35.76,Hot Chocolate,Night,Thu,Nov,4,11,2024/11/14,32:30.6
21,card,35.76,Latte,Night,Thu,Nov,4,11,2024/11/14,24:31.6
22,card,35.76,Latte,Night,Thu,Nov,4,11,2024/11/14,40:42.3
8,card,30.86,Americano with Milk,Morning,Fri,Nov,5,11,2024/11/15,45:51.1
11,card,30.86,Americano with Milk,Morning,Fri,Nov,5,11,2024/11/15,05:53.0
12,card,35.76,Cocoa,Afternoon,Fri,Nov,5,11,2024/11/15,09:00.5
12,card,35.76,Cocoa,Afternoon,Fri,Nov,5,11,2024/11/15,14:18.6
13,card,35.76,Latte,Afternoon,Fri,Nov,5,11,2024/11/15,57:33.9
15,card,25.96,Americano,Afternoon,Fri,Nov,5,11,2024/11/15,19:50.6
17,card,30.86,Americano with Milk,Night,Fri,Nov,5,11,2024/11/15,35:41.1
17,card,35.76,Latte,Night,Fri,Nov,5,11,2024/11/15,55:01.5
18,card,35.76,Hot Chocolate,Night,Fri,Nov,5,11,2024/11/15,12:44.9
18,card,30.86,Americano with Milk,Night,Fri,Nov,5,11,2024/11/15,42:21.9
18,card,30.86,Americano with Milk,Night,Fri,Nov,5,11,2024/11/15,43:21.2
10,card,25.96,Cortado,Morning,Sat,Nov,6,11,2024/11/16,21:34.9
10,card,25.96,Cortado,Morning,Sat,Nov,6,11,2024/11/16,45:51.4
11,card,35.76,Hot Chocolate,Morning,Sat,Nov,6,11,2024/11/16,02:00.7
11,card,35.76,Latte,Morning,Sat,Nov,6,11,2024/11/16,03:06.6
11,card,25.96,Americano,Morning,Sat,Nov,6,11,2024/11/16,39:25.0
12,card,35.76,Cappuccino,Afternoon,Sat,Nov,6,11,2024/11/16,30:15.0
12,card,30.86,Americano with Milk,Afternoon,Sat,Nov,6,11,2024/11/16,31:50.6
12,card,35.76,Latte,Afternoon,Sat,Nov,6,11,2024/11/16,48:35.8
12,card,35.76,Latte,Afternoon,Sat,Nov,6,11,2024/11/16,49:35.1
13,card,30.86,Americano with Milk,Afternoon,Sat,Nov,6,11,2024/11/16,16:55.5
13,card,35.76,Latte,Afternoon,Sat,Nov,6,11,2024/11/16,18:00.5
13,card,35.76,Latte,Afternoon,Sat,Nov,6,11,2024/11/16,19:09.0
14,card,30.86,Americano with Milk,Afternoon,Sat,Nov,6,11,2024/11/16,25:47.4
10,card,30.86,Americano with Milk,Morning,Sun,Nov,7,11,2024/11/17,29:37.0
13,card,30.86,Americano with Milk,Afternoon,Sun,Nov,7,11,2024/11/17,35:19.7
14,card,25.96,Americano,Afternoon,Sun,Nov,7,11,2024/11/17,18:41.8
14,card,30.86,Americano with Milk,Afternoon,Sun,Nov,7,11,2024/11/17,33:40.2
16,card,35.76,Latte,Afternoon,Sun,Nov,7,11,2024/11/17,27:26.2
16,card,35.76,Latte,Afternoon,Sun,Nov,7,11,2024/11/17,28:35.8
18,card,35.76,Hot Chocolate,Night,Sun,Nov,7,11,2024/11/17,10:06.6
19,card,35.76,Hot Chocolate,Night,Sun,Nov,7,11,2024/11/17,17:34.3
19,card,35.76,Hot Chocolate,Night,Sun,Nov,7,11,2024/11/17,18:27.5
7,card,30.86,Americano with Milk,Morning,Mon,Nov,1,11,2024/11/18,52:19.6
7,card,30.86,Americano with Milk,Morning,Mon,Nov,1,11,2024/11/18,53:16.4
7,card,35.76,Latte,Morning,Mon,Nov,1,11,2024/11/18,57:22.2
16,card,35.76,Latte,Afternoon,Mon,Nov,1,11,2024/11/18,44:49.1
16,card,35.76,Latte,Afternoon,Mon,Nov,1,11,2024/11/18,46:52.9
18,card,35.76,Latte,Night,Mon,Nov,1,11,2024/11/18,50:54.1
7,card,35.76,Cocoa,Morning,Tue,Nov,2,11,2024/11/19,49:00.6
7,card,30.86,Americano with Milk,Morning,Tue,Nov,2,11,2024/11/19,51:13.7
7,card,35.76,Latte,Morning,Tue,Nov,2,11,2024/11/19,52:13.4
7,card,21.06,Espresso,Morning,Tue,Nov,2,11,2024/11/19,53:38.4
7,card,35.76,Latte,Morning,Tue,Nov,2,11,2024/11/19,54:46.9
10,card,30.86,Americano with Milk,Morning,Tue,Nov,2,11,2024/11/19,29:23.4
11,card,35.76,Latte,Morning,Tue,Nov,2,11,2024/11/19,07:09.0
16,card,35.76,Cocoa,Afternoon,Tue,Nov,2,11,2024/11/19,22:40.5
16,card,35.76,Cocoa,Afternoon,Tue,Nov,2,11,2024/11/19,23:59.4
16,card,35.76,Cappuccino,Afternoon,Tue,Nov,2,11,2024/11/19,41:03.7
16,card,35.76,Cappuccino,Afternoon,Tue,Nov,2,11,2024/11/19,47:41.2
13,card,30.86,Americano with Milk,Afternoon,Wed,Nov,3,11,2024/11/20,29:38.7
16,card,35.76,Latte,Afternoon,Wed,Nov,3,11,2024/11/20,34:50.1
17,card,35.76,Cappuccino,Night,Wed,Nov,3,11,2024/11/20,49:51.7
17,card,35.76,Hot Chocolate,Night,Wed,Nov,3,11,2024/11/20,50:49.8
11,card,25.96,Cortado,Morning,Thu,Nov,4,11,2024/11/21,06:11.0
12,card,35.76,Latte,Afternoon,Thu,Nov,4,11,2024/11/21,33:36.1
12,card,35.76,Cocoa,Afternoon,Thu,Nov,4,11,2024/11/21,59:45.3
13,card,35.76,Cocoa,Afternoon,Thu,Nov,4,11,2024/11/21,00:47.4
16,card,35.76,Latte,Afternoon,Thu,Nov,4,11,2024/11/21,14:13.6
17,card,30.86,Americano with Milk,Night,Thu,Nov,4,11,2024/11/21,35:27.4
17,card,25.96,Cortado,Night,Thu,Nov,4,11,2024/11/21,39:23.0
19,card,35.76,Hot Chocolate,Night,Thu,Nov,4,11,2024/11/21,01:02.9
7,card,35.76,Latte,Morning,Fri,Nov,5,11,2024/11/22,50:36.3
10,card,35.76,Cappuccino,Morning,Fri,Nov,5,11,2024/11/22,03:42.5
11,card,35.76,Latte,Morning,Fri,Nov,5,11,2024/11/22,02:32.4
11,card,35.76,Cocoa,Morning,Fri,Nov,5,11,2024/11/22,24:26.4
16,card,35.76,Hot Chocolate,Afternoon,Fri,Nov,5,11,2024/11/22,33:05.3
16,card,35.76,Latte,Afternoon,Fri,Nov,5,11,2024/11/22,33:49.9
9,card,25.96,Cortado,Morning,Sat,Nov,6,11,2024/11/23,10:46.3
9,card,25.96,Cortado,Morning,Sat,Nov,6,11,2024/11/23,11:49.0
10,card,35.76,Latte,Morning,Sat,Nov,6,11,2024/11/23,05:15.8
11,card,35.76,Cappuccino,Morning,Sat,Nov,6,11,2024/11/23,02:59.6
11,card,25.96,Americano,Morning,Sat,Nov,6,11,2024/11/23,09:28.0
11,card,25.96,Americano,Morning,Sat,Nov,6,11,2024/11/23,10:25.8
11,card,35.76,Hot Chocolate,Morning,Sat,Nov,6,11,2024/11/23,41:27.5
22,card,35.76,Latte,Night,Sat,Nov,6,11,2024/11/23,37:04.2
8,card,35.76,Latte,Morning,Sun,Nov,7,11,2024/11/24,17:07.5
7,card,35.76,Cappuccino,Morning,Mon,Nov,1,11,2024/11/25,49:18.0
7,card,35.76,Latte,Morning,Mon,Nov,1,11,2024/11/25,54:23.5
9,card,30.86,Americano with Milk,Morning,Mon,Nov,1,11,2024/11/25,12:21.0
10,card,25.96,Cortado,Morning,Mon,Nov,1,11,2024/11/25,38:08.0
12,card,35.76,Latte,Afternoon,Mon,Nov,1,11,2024/11/25,50:58.2
12,card,35.76,Latte,Afternoon,Mon,Nov,1,11,2024/11/25,52:41.1
16,card,35.76,Hot Chocolate,Afternoon,Mon,Nov,1,11,2024/11/25,30:56.5
19,card,30.86,Americano with Milk,Night,Mon,Nov,1,11,2024/11/25,01:59.1
19,card,35.76,Hot Chocolate,Night,Mon,Nov,1,11,2024/11/25,37:58.5
21,card,35.76,Hot Chocolate,Night,Mon,Nov,1,11,2024/11/25,42:15.2
21,card,35.76,Cappuccino,Night,Mon,Nov,1,11,2024/11/25,43:00.5
7,card,35.76,Latte,Morning,Tue,Nov,2,11,2024/11/26,54:37.9
11,card,35.76,Cocoa,Morning,Tue,Nov,2,11,2024/11/26,02:56.3
11,card,25.96,Americano,Morning,Tue,Nov,2,11,2024/11/26,03:47.3
11,card,35.76,Cocoa,Morning,Tue,Nov,2,11,2024/11/26,06:09.1
11,card,35.76,Cocoa,Morning,Tue,Nov,2,11,2024/11/26,07:10.0
16,card,35.76,Latte,Afternoon,Tue,Nov,2,11,2024/11/26,03:54.3
16,card,35.76,Latte,Afternoon,Tue,Nov,2,11,2024/11/26,05:00.6
17,card,25.96,Americano,Night,Tue,Nov,2,11,2024/11/26,11:37.7
17,card,30.86,Americano with Milk,Night,Tue,Nov,2,11,2024/11/26,12:34.4
19,card,35.76,Cocoa,Night,Tue,Nov,2,11,2024/11/26,47:24.7
8,card,35.76,Cappuccino,Morning,Thu,Nov,4,11,2024/11/28,41:16.9
9,card,30.86,Americano with Milk,Morning,Thu,Nov,4,11,2024/11/28,14:00.9
20,card,30.86,Americano with Milk,Night,Thu,Nov,4,11,2024/11/28,24:42.0
20,card,35.76,Latte,Night,Thu,Nov,4,11,2024/11/28,25:45.5
20,card,35.76,Latte,Night,Thu,Nov,4,11,2024/11/28,54:59.7
22,card,35.76,Cappuccino,Night,Thu,Nov,4,11,2024/11/28,00:15.7
7,card,35.76,Cocoa,Morning,Fri,Nov,5,11,2024/11/29,53:15.8
7,card,35.76,Latte,Morning,Fri,Nov,5,11,2024/11/29,57:42.2
9,card,30.86,Americano with Milk,Morning,Fri,Nov,5,11,2024/11/29,07:31.5
9,card,30.86,Americano with Milk,Morning,Fri,Nov,5,11,2024/11/29,08:30.2
15,card,30.86,Americano with Milk,Afternoon,Fri,Nov,5,11,2024/11/29,18:06.9
15,card,35.76,Latte,Afternoon,Fri,Nov,5,11,2024/11/29,19:20.3
20,card,35.76,Cocoa,Night,Fri,Nov,5,11,2024/11/29,57:54.7
12,card,35.76,Cocoa,Afternoon,Sat,Nov,6,11,2024/11/30,58:12.1
14,card,25.96,Americano,Afternoon,Sat,Nov,6,11,2024/11/30,04:55.8
14,card,35.76,Hot Chocolate,Afternoon,Sat,Nov,6,11,2024/11/30,05:58.1
14,card,35.76,Cocoa,Afternoon,Sat,Nov,6,11,2024/11/30,16:52.0
15,card,30.86,Americano with Milk,Afternoon,Sat,Nov,6,11,2024/11/30,33:44.3
22,card,30.86,Americano with Milk,Night,Sat,Nov,6,11,2024/11/30,03:48.5
10,card,30.86,Americano with Milk,Morning,Sun,Dec,7,12,2024/12/01,15:31.7
10,card,30.86,Americano with Milk,Morning,Sun,Dec,7,12,2024/12/01,16:31.9
10,card,30.86,Americano with Milk,Morning,Sun,Dec,7,12,2024/12/01,22:46.6
14,card,30.86,Americano with Milk,Afternoon,Sun,Dec,7,12,2024/12/01,34:22.9
15,card,35.76,Cocoa,Afternoon,Sun,Dec,7,12,2024/12/01,09:12.7
15,card,35.76,Cocoa,Afternoon,Sun,Dec,7,12,2024/12/01,09:57.0
15,card,35.76,Cappuccino,Afternoon,Sun,Dec,7,12,2024/12/01,43:02.3
15,card,35.76,Latte,Afternoon,Sun,Dec,7,12,2024/12/01,56:31.2
15,card,35.76,Latte,Afternoon,Sun,Dec,7,12,2024/12/01,57:49.4
16,card,35.76,Latte,Afternoon,Sun,Dec,7,12,2024/12/01,32:59.5
16,card,35.76,Latte,Afternoon,Sun,Dec,7,12,2024/12/01,34:30.0
17,card,30.86,Americano with Milk,Night,Sun,Dec,7,12,2024/12/01,10:23.6
17,card,30.86,Americano with Milk,Night,Sun,Dec,7,12,2024/12/01,11:32.0
18,card,30.86,Americano with Milk,Night,Sun,Dec,7,12,2024/12/01,38:28.7
7,card,35.76,Latte,Morning,Mon,Dec,1,12,2024/12/02,50:36.6
7,card,25.96,Americano,Morning,Mon,Dec,1,12,2024/12/02,51:59.4
8,card,30.86,Americano with Milk,Morning,Mon,Dec,1,12,2024/12/02,21:29.6
8,card,35.76,Cocoa,Morning,Mon,Dec,1,12,2024/12/02,53:14.5
11,card,25.96,Cortado,Morning,Mon,Dec,1,12,2024/12/02,04:25.2
15,card,21.06,Espresso,Afternoon,Mon,Dec,1,12,2024/12/02,28:23.9
16,card,35.76,Cappuccino,Afternoon,Mon,Dec,1,12,2024/12/02,12:23.9
17,card,25.96,Americano,Night,Mon,Dec,1,12,2024/12/02,34:21.7
18,card,35.76,Cappuccino,Night,Mon,Dec,1,12,2024/12/02,00:32.3
8,card,35.76,Latte,Morning,Tue,Dec,2,12,2024/12/03,11:19.1
9,card,30.86,Americano with Milk,Morning,Tue,Dec,2,12,2024/12/03,23:30.6
9,card,30.86,Americano with Milk,Morning,Tue,Dec,2,12,2024/12/03,24:27.1
11,card,25.96,Americano,Morning,Tue,Dec,2,12,2024/12/03,17:58.4
11,card,30.86,Americano with Milk,Morning,Tue,Dec,2,12,2024/12/03,42:07.6
11,card,30.86,Americano with Milk,Morning,Tue,Dec,2,12,2024/12/03,43:15.6
11,card,30.86,Americano with Milk,Morning,Tue,Dec,2,12,2024/12/03,45:54.4
20,card,35.76,Cocoa,Night,Tue,Dec,2,12,2024/12/03,50:55.8
21,card,35.76,Latte,Night,Tue,Dec,2,12,2024/12/03,33:16.9
21,card,35.76,Cappuccino,Night,Tue,Dec,2,12,2024/12/03,34:13.1
21,card,35.76,Hot Chocolate,Night,Tue,Dec,2,12,2024/12/03,35:18.9
22,card,30.86,Americano with Milk,Night,Tue,Dec,2,12,2024/12/03,19:13.8
22,card,35.76,Cappuccino,Night,Tue,Dec,2,12,2024/12/03,21:42.1
8,card,25.96,Cortado,Morning,Wed,Dec,3,12,2024/12/04,32:47.9
8,card,35.76,Latte,Morning,Wed,Dec,3,12,2024/12/04,50:30.3
8,card,35.76,Latte,Morning,Wed,Dec,3,12,2024/12/04,52:15.0
9,card,25.96,Americano,Morning,Wed,Dec,3,12,2024/12/04,04:14.1
10,card,30.86,Americano with Milk,Morning,Wed,Dec,3,12,2024/12/04,23:01.4
10,card,30.86,Americano with Milk,Morning,Wed,Dec,3,12,2024/12/04,24:08.0
10,card,30.86,Americano with Milk,Morning,Wed,Dec,3,12,2024/12/04,26:57.8
10,card,35.76,Hot Chocolate,Morning,Wed,Dec,3,12,2024/12/04,29:47.6
11,card,30.86,Americano with Milk,Morning,Wed,Dec,3,12,2024/12/04,45:57.7
14,card,35.76,Hot Chocolate,Afternoon,Wed,Dec,3,12,2024/12/04,33:54.7
8,card,25.96,Americano,Morning,Thu,Dec,4,12,2024/12/05,53:48.3
9,card,25.96,Cortado,Morning,Thu,Dec,4,12,2024/12/05,20:28.8
10,card,30.86,Americano with Milk,Morning,Thu,Dec,4,12,2024/12/05,02:51.3
10,card,30.86,Americano with Milk,Morning,Thu,Dec,4,12,2024/12/05,05:05.5
11,card,35.76,Latte,Morning,Thu,Dec,4,12,2024/12/05,31:58.3
11,card,25.96,Americano,Morning,Thu,Dec,4,12,2024/12/05,50:44.6
14,card,35.76,Cappuccino,Afternoon,Thu,Dec,4,12,2024/12/05,30:58.3
15,card,35.76,Latte,Afternoon,Thu,Dec,4,12,2024/12/05,21:19.5
16,card,35.76,Latte,Afternoon,Thu,Dec,4,12,2024/12/05,02:10.0
11,card,35.76,Latte,Morning,Fri,Dec,5,12,2024/12/06,42:18.5
16,card,35.76,Hot Chocolate,Afternoon,Fri,Dec,5,12,2024/12/06,31:58.0
22,card,35.76,Latte,Night,Fri,Dec,5,12,2024/12/06,30:33.3
22,card,35.76,Hot Chocolate,Night,Fri,Dec,5,12,2024/12/06,31:30.0
11,card,30.86,Americano with Milk,Morning,Sat,Dec,6,12,2024/12/07,17:10.1
14,card,25.96,Americano,Afternoon,Sat,Dec,6,12,2024/12/07,16:42.9
15,card,35.76,Latte,Afternoon,Sat,Dec,6,12,2024/12/07,44:04.9
19,card,35.76,Cappuccino,Night,Sat,Dec,6,12,2024/12/07,11:13.5
22,card,30.86,Americano with Milk,Night,Sat,Dec,6,12,2024/12/07,00:10.0
22,card,25.96,Americano,Night,Sat,Dec,6,12,2024/12/07,28:17.1
8,card,25.96,Cortado,Morning,Sun,Dec,7,12,2024/12/08,29:25.3
10,card,35.76,Latte,Morning,Sun,Dec,7,12,2024/12/08,42:38.2
10,card,35.76,Cappuccino,Morning,Sun,Dec,7,12,2024/12/08,43:42.7
12,card,25.96,Cortado,Afternoon,Sun,Dec,7,12,2024/12/08,51:40.9
13,card,30.86,Americano with Milk,Afternoon,Sun,Dec,7,12,2024/12/08,02:36.2
13,card,30.86,Americano with Milk,Afternoon,Sun,Dec,7,12,2024/12/08,03:38.7
17,card,35.76,Cappuccino,Night,Sun,Dec,7,12,2024/12/08,26:29.3
18,card,21.06,Espresso,Night,Sun,Dec,7,12,2024/12/08,41:48.8
20,card,35.76,Cappuccino,Night,Sun,Dec,7,12,2024/12/08,47:18.9
21,card,30.86,Americano with Milk,Night,Sun,Dec,7,12,2024/12/08,28:30.1
21,card,30.86,Americano with Milk,Night,Sun,Dec,7,12,2024/12/08,41:23.5
8,card,35.76,Cappuccino,Morning,Mon,Dec,1,12,2024/12/09,32:40.8
9,card,25.96,Americano,Morning,Mon,Dec,1,12,2024/12/09,12:25.2
9,card,30.86,Americano with Milk,Morning,Mon,Dec,1,12,2024/12/09,33:57.4
13,card,25.96,Cortado,Afternoon,Mon,Dec,1,12,2024/12/09,00:54.9
21,card,35.76,Cocoa,Night,Mon,Dec,1,12,2024/12/09,21:51.3
12,card,25.96,Cortado,Afternoon,Tue,Dec,2,12,2024/12/10,25:49.8
18,card,35.76,Hot Chocolate,Night,Tue,Dec,2,12,2024/12/10,21:57.8
7,card,35.76,Latte,Morning,Wed,Dec,3,12,2024/12/11,49:46.0
10,card,25.96,Cortado,Morning,Wed,Dec,3,12,2024/12/11,45:47.9
12,card,35.76,Hot Chocolate,Afternoon,Wed,Dec,3,12,2024/12/11,13:06.3
12,card,21.06,Espresso,Afternoon,Wed,Dec,3,12,2024/12/11,56:47.8
17,card,35.76,Cocoa,Night,Wed,Dec,3,12,2024/12/11,59:25.5
21,card,35.76,Latte,Night,Wed,Dec,3,12,2024/12/11,01:07.6
21,card,35.76,Latte,Night,Wed,Dec,3,12,2024/12/11,18:17.2
7,card,30.86,Americano with Milk,Morning,Thu,Dec,4,12,2024/12/12,58:31.2
12,card,25.96,Americano,Afternoon,Thu,Dec,4,12,2024/12/12,49:23.7
16,card,21.06,Espresso,Afternoon,Thu,Dec,4,12,2024/12/12,55:02.1
16,card,21.06,Espresso,Afternoon,Thu,Dec,4,12,2024/12/12,55:49.1
16,card,25.96,Americano,Afternoon,Thu,Dec,4,12,2024/12/12,57:01.1
19,card,35.76,Cocoa,Night,Thu,Dec,4,12,2024/12/12,50:00.9
19,card,35.76,Cocoa,Night,Thu,Dec,4,12,2024/12/12,50:57.7
12,card,25.96,Americano,Afternoon,Fri,Dec,5,12,2024/12/13,27:25.5
12,card,25.96,Americano,Afternoon,Fri,Dec,5,12,2024/12/13,53:05.6
12,card,35.76,Hot Chocolate,Afternoon,Fri,Dec,5,12,2024/12/13,54:40.2
14,card,35.76,Hot Chocolate,Afternoon,Fri,Dec,5,12,2024/12/13,01:58.1
16,card,35.76,Cocoa,Afternoon,Fri,Dec,5,12,2024/12/13,23:23.9
19,card,35.76,Cappuccino,Night,Fri,Dec,5,12,2024/12/13,19:03.8
19,card,35.76,Cappuccino,Night,Fri,Dec,5,12,2024/12/13,20:10.1
21,card,35.76,Latte,Night,Fri,Dec,5,12,2024/12/13,35:42.0
8,card,30.86,Americano with Milk,Morning,Sat,Dec,6,12,2024/12/14,27:32.1
9,card,35.76,Cocoa,Morning,Sat,Dec,6,12,2024/12/14,03:05.6
11,card,35.76,Cappuccino,Morning,Sat,Dec,6,12,2024/12/14,41:57.8
13,card,25.96,Americano,Afternoon,Sat,Dec,6,12,2024/12/14,19:07.0
13,card,35.76,Latte,Afternoon,Sat,Dec,6,12,2024/12/14,20:08.6
16,card,35.76,Cocoa,Afternoon,Sat,Dec,6,12,2024/12/14,10:30.0
16,card,25.96,Americano,Afternoon,Sat,Dec,6,12,2024/12/14,29:58.9
16,card,25.96,Americano,Afternoon,Sat,Dec,6,12,2024/12/14,30:49.8
17,card,25.96,Americano,Night,Sat,Dec,6,12,2024/12/14,00:15.9
17,card,25.96,Americano,Night,Sat,Dec,6,12,2024/12/14,01:29.2
18,card,30.86,Americano with Milk,Night,Sat,Dec,6,12,2024/12/14,23:44.2
11,card,35.76,Latte,Morning,Sun,Dec,7,12,2024/12/15,09:24.8
11,card,35.76,Cocoa,Morning,Sun,Dec,7,12,2024/12/15,10:25.7
17,card,35.76,Hot Chocolate,Night,Sun,Dec,7,12,2024/12/15,58:05.4
7,card,35.76,Latte,Morning,Mon,Dec,1,12,2024/12/16,52:18.4
8,card,35.76,Hot Chocolate,Morning,Mon,Dec,1,12,2024/12/16,03:31.1
8,card,35.76,Cocoa,Morning,Mon,Dec,1,12,2024/12/16,46:53.8
12,card,30.86,Americano with Milk,Afternoon,Mon,Dec,1,12,2024/12/16,19:08.1
13,card,35.76,Latte,Afternoon,Mon,Dec,1,12,2024/12/16,08:52.6
14,card,35.76,Hot Chocolate,Afternoon,Mon,Dec,1,12,2024/12/16,13:18.1
18,card,35.76,Latte,Night,Mon,Dec,1,12,2024/12/16,23:07.0
18,card,30.86,Americano with Milk,Night,Mon,Dec,1,12,2024/12/16,24:01.4
8,card,25.96,Cortado,Morning,Tue,Dec,2,12,2024/12/17,48:18.2
8,card,35.76,Cappuccino,Morning,Tue,Dec,2,12,2024/12/17,52:32.6
10,card,30.86,Americano with Milk,Morning,Tue,Dec,2,12,2024/12/17,49:05.5
16,card,25.96,Americano,Afternoon,Tue,Dec,2,12,2024/12/17,22:35.1
16,card,35.76,Cocoa,Afternoon,Tue,Dec,2,12,2024/12/17,23:36.6
17,card,35.76,Cappuccino,Night,Tue,Dec,2,12,2024/12/17,14:22.1
18,card,35.76,Cocoa,Night,Tue,Dec,2,12,2024/12/17,54:57.3
9,card,35.76,Latte,Morning,Wed,Dec,3,12,2024/12/18,30:28.3
10,card,30.86,Americano with Milk,Morning,Wed,Dec,3,12,2024/12/18,01:21.5
10,card,35.76,Latte,Morning,Wed,Dec,3,12,2024/12/18,03:02.1
10,card,35.76,Cappuccino,Morning,Wed,Dec,3,12,2024/12/18,04:03.4
10,card,35.76,Hot Chocolate,Morning,Thu,Dec,4,12,2024/12/19,12:11.2
11,card,30.86,Americano with Milk,Morning,Thu,Dec,4,12,2024/12/19,25:43.9
12,card,21.06,Espresso,Afternoon,Thu,Dec,4,12,2024/12/19,10:52.3
13,card,35.76,Hot Chocolate,Afternoon,Thu,Dec,4,12,2024/12/19,38:56.8
19,card,35.76,Cappuccino,Night,Thu,Dec,4,12,2024/12/19,00:56.3
19,card,35.76,Cappuccino,Night,Thu,Dec,4,12,2024/12/19,10:40.6
19,card,30.86,Americano with Milk,Night,Thu,Dec,4,12,2024/12/19,48:18.0
19,card,35.76,Hot Chocolate,Night,Thu,Dec,4,12,2024/12/19,49:42.6
21,card,35.76,Latte,Night,Thu,Dec,4,12,2024/12/19,08:11.8
21,card,35.76,Cappuccino,Night,Thu,Dec,4,12,2024/12/19,09:15.7
8,card,25.96,Cortado,Morning,Fri,Dec,5,12,2024/12/20,14:52.0
9,card,30.86,Americano with Milk,Morning,Fri,Dec,5,12,2024/12/20,39:29.9
10,card,35.76,Cappuccino,Morning,Fri,Dec,5,12,2024/12/20,12:42.8
10,card,25.96,Cortado,Morning,Fri,Dec,5,12,2024/12/20,55:29.1
12,card,21.06,Espresso,Afternoon,Fri,Dec,5,12,2024/12/20,21:17.2
12,card,30.86,Americano with Milk,Afternoon,Fri,Dec,5,12,2024/12/20,22:49.4
14,card,25.96,Cortado,Afternoon,Fri,Dec,5,12,2024/12/20,58:20.3
18,card,35.76,Cappuccino,Night,Fri,Dec,5,12,2024/12/20,28:22.2
18,card,35.76,Cappuccino,Night,Fri,Dec,5,12,2024/12/20,57:13.3
10,card,35.76,Cappuccino,Morning,Sat,Dec,6,12,2024/12/21,19:23.9
10,card,35.76,Latte,Morning,Sat,Dec,6,12,2024/12/21,20:41.1
10,card,25.96,Americano,Morning,Sat,Dec,6,12,2024/12/21,32:02.8
15,card,35.76,Hot Chocolate,Afternoon,Sat,Dec,6,12,2024/12/21,33:03.6
15,card,35.76,Latte,Afternoon,Sat,Dec,6,12,2024/12/21,33:49.6
15,card,30.86,Americano with Milk,Afternoon,Sat,Dec,6,12,2024/12/21,35:29.4
15,card,35.76,Latte,Afternoon,Sat,Dec,6,12,2024/12/21,58:07.0
17,card,35.76,Cocoa,Night,Sat,Dec,6,12,2024/12/21,47:27.9
18,card,35.76,Hot Chocolate,Night,Sat,Dec,6,12,2024/12/21,02:36.9
18,card,25.96,Cortado,Night,Sat,Dec,6,12,2024/12/21,08:17.2
19,card,30.86,Americano with Milk,Night,Sat,Dec,6,12,2024/12/21,48:13.5
19,card,25.96,Cortado,Night,Sat,Dec,6,12,2024/12/21,49:45.8
21,card,25.96,Cortado,Night,Sat,Dec,6,12,2024/12/21,49:47.3
21,card,35.76,Latte,Night,Sat,Dec,6,12,2024/12/21,58:48.8
22,card,25.96,Cortado,Night,Sat,Dec,6,12,2024/12/21,16:14.1
10,card,35.76,Cappuccino,Morning,Sun,Dec,7,12,2024/12/22,42:56.1
18,card,35.76,Cappuccino,Night,Sun,Dec,7,12,2024/12/22,55:44.5
19,card,35.76,Hot Chocolate,Night,Sun,Dec,7,12,2024/12/22,35:45.8
19,card,35.76,Hot Chocolate,Night,Sun,Dec,7,12,2024/12/22,36:29.9
20,card,35.76,Hot Chocolate,Night,Sun,Dec,7,12,2024/12/22,26:36.7
21,card,35.76,Cocoa,Night,Sun,Dec,7,12,2024/12/22,55:18.8
21,card,25.96,Cortado,Night,Sun,Dec,7,12,2024/12/22,56:56.3
9,card,25.96,Cortado,Morning,Mon,Dec,1,12,2024/12/23,03:21.0
9,card,30.86,Americano with Milk,Morning,Mon,Dec,1,12,2024/12/23,22:17.9
10,card,30.86,Americano with Milk,Morning,Mon,Dec,1,12,2024/12/23,42:03.4
11,card,35.76,Cappuccino,Morning,Mon,Dec,1,12,2024/12/23,35:54.4
14,card,35.76,Latte,Afternoon,Mon,Dec,1,12,2024/12/23,05:31.7
15,card,30.86,Americano with Milk,Afternoon,Mon,Dec,1,12,2024/12/23,00:23.7
16,card,35.76,Latte,Afternoon,Mon,Dec,1,12,2024/12/23,14:50.4
17,card,25.96,Cortado,Night,Mon,Dec,1,12,2024/12/23,21:20.5
17,card,35.76,Latte,Night,Mon,Dec,1,12,2024/12/23,22:40.3
20,card,25.96,Cortado,Night,Mon,Dec,1,12,2024/12/23,46:07.2
15,card,30.86,Americano with Milk,Afternoon,Tue,Dec,2,12,2024/12/24,10:43.4
16,card,35.76,Hot Chocolate,Afternoon,Tue,Dec,2,12,2024/12/24,08:38.1
17,card,25.96,Cortado,Night,Tue,Dec,2,12,2024/12/24,55:28.6
19,card,35.76,Hot Chocolate,Night,Tue,Dec,2,12,2024/12/24,10:36.3
19,card,35.76,Latte,Night,Tue,Dec,2,12,2024/12/24,11:36.9
19,card,21.06,Espresso,Night,Tue,Dec,2,12,2024/12/24,12:35.0
19,card,35.76,Cappuccino,Night,Tue,Dec,2,12,2024/12/24,36:02.3
10,card,35.76,Latte,Morning,Wed,Dec,3,12,2024/12/25,43:56.8
10,card,35.76,Latte,Morning,Wed,Dec,3,12,2024/12/25,45:02.4
12,card,30.86,Americano with Milk,Afternoon,Wed,Dec,3,12,2024/12/25,35:03.3
12,card,25.96,Americano,Afternoon,Wed,Dec,3,12,2024/12/25,36:00.1
13,card,30.86,Americano with Milk,Afternoon,Wed,Dec,3,12,2024/12/25,17:11.4
13,card,25.96,Americano,Afternoon,Wed,Dec,3,12,2024/12/25,32:47.5
20,card,35.76,Cappuccino,Night,Wed,Dec,3,12,2024/12/25,02:40.3
21,card,35.76,Cocoa,Night,Wed,Dec,3,12,2024/12/25,18:49.8
21,card,35.76,Cocoa,Night,Wed,Dec,3,12,2024/12/25,19:42.1
21,card,35.76,Latte,Night,Wed,Dec,3,12,2024/12/25,57:30.3
22,card,35.76,Cappuccino,Night,Wed,Dec,3,12,2024/12/25,51:02.9
22,card,30.86,Americano with Milk,Night,Wed,Dec,3,12,2024/12/25,53:06.4
13,card,35.76,Cappuccino,Afternoon,Thu,Dec,4,12,2024/12/26,12:37.9
15,card,21.06,Espresso,Afternoon,Thu,Dec,4,12,2024/12/26,04:34.5
7,card,25.96,Americano,Morning,Fri,Dec,5,12,2024/12/27,50:20.7
8,card,25.96,Cortado,Morning,Fri,Dec,5,12,2024/12/27,57:38.9
9,card,25.96,Cortado,Morning,Fri,Dec,5,12,2024/12/27,09:55.2
10,card,30.86,Americano with Milk,Morning,Fri,Dec,5,12,2024/12/27,12:53.4
17,card,35.76,Latte,Night,Fri,Dec,5,12,2024/12/27,12:04.6
19,card,25.96,Americano,Night,Fri,Dec,5,12,2024/12/27,47:27.9
19,card,30.86,Americano with Milk,Night,Fri,Dec,5,12,2024/12/27,48:21.6
22,card,35.76,Cocoa,Night,Fri,Dec,5,12,2024/12/27,54:32.9
9,card,25.96,Cortado,Morning,Sat,Dec,6,12,2024/12/28,00:23.5
9,card,25.96,Cortado,Morning,Sat,Dec,6,12,2024/12/28,50:37.9
10,card,30.86,Americano with Milk,Morning,Sat,Dec,6,12,2024/12/28,18:44.2
10,card,35.76,Latte,Morning,Sat,Dec,6,12,2024/12/28,52:03.1
14,card,35.76,Cappuccino,Afternoon,Sat,Dec,6,12,2024/12/28,10:01.3
14,card,35.76,Hot Chocolate,Afternoon,Sat,Dec,6,12,2024/12/28,13:17.4
17,card,35.76,Latte,Night,Sat,Dec,6,12,2024/12/28,23:40.3
22,card,35.76,Cappuccino,Night,Sat,Dec,6,12,2024/12/28,11:01.8
13,card,25.96,Cortado,Afternoon,Sun,Dec,7,12,2024/12/29,46:16.4
15,card,21.06,Espresso,Afternoon,Sun,Dec,7,12,2024/12/29,04:26.6
15,card,25.96,Americano,Afternoon,Sun,Dec,7,12,2024/12/29,05:16.3
17,card,25.96,Cortado,Night,Sun,Dec,7,12,2024/12/29,30:04.5
17,card,21.06,Espresso,Night,Sun,Dec,7,12,2024/12/29,31:46.7
19,card,25.96,Cortado,Night,Sun,Dec,7,12,2024/12/29,47:43.7
20,card,35.76,Hot Chocolate,Night,Sun,Dec,7,12,2024/12/29,25:54.2
21,card,35.76,Latte,Night,Sun,Dec,7,12,2024/12/29,17:19.3
9,card,25.96,Cortado,Morning,Mon,Dec,1,12,2024/12/30,02:44.3
9,card,30.86,Americano with Milk,Morning,Mon,Dec,1,12,2024/12/30,44:12.0
13,card,35.76,Latte,Afternoon,Mon,Dec,1,12,2024/12/30,52:31.4
13,card,35.76,Hot Chocolate,Afternoon,Mon,Dec,1,12,2024/12/30,53:39.3
15,card,35.76,Latte,Afternoon,Mon,Dec,1,12,2024/12/30,12:45.0
15,card,30.86,Americano with Milk,Afternoon,Mon,Dec,1,12,2024/12/30,13:38.7
16,card,30.86,Americano with Milk,Afternoon,Mon,Dec,1,12,2024/12/30,29:53.9
16,card,25.96,Americano,Afternoon,Mon,Dec,1,12,2024/12/30,31:28.7
16,card,35.76,Cappuccino,Afternoon,Mon,Dec,1,12,2024/12/30,36:45.6
8,card,25.96,Cortado,Morning,Tue,Dec,2,12,2024/12/31,52:28.7
9,card,35.76,Cappuccino,Morning,Tue,Dec,2,12,2024/12/31,36:50.0
9,card,25.96,Cortado,Morning,Tue,Dec,2,12,2024/12/31,39:41.5
9,card,35.76,Cocoa,Morning,Tue,Dec,2,12,2024/12/31,45:28.5
10,card,30.86,Americano with Milk,Morning,Tue,Dec,2,12,2024/12/31,26:53.0
10,card,30.86,Americano with Milk,Morning,Tue,Dec,2,12,2024/12/31,29:28.2
11,card,35.76,Cappuccino,Morning,Tue,Dec,2,12,2024/12/31,11:30.8
11,card,30.86,Americano with Milk,Morning,Tue,Dec,2,12,2024/12/31,12:42.1
15,card,21.06,Espresso,Afternoon,Tue,Dec,2,12,2024/12/31,42:14.1
15,card,25.96,Americano,Afternoon,Tue,Dec,2,12,2024/12/31,43:13.3
16,card,35.76,Cappuccino,Afternoon,Tue,Dec,2,12,2024/12/31,07:18.9
17,card,35.76,Latte,Night,Tue,Dec,2,12,2024/12/31,10:17.5
17,card,30.86,Americano with Milk,Night,Tue,Dec,2,12,2024/12/31,30:52.8
17,card,35.76,Cappuccino,Night,Tue,Dec,2,12,2024/12/31,31:48.5
19,card,35.76,Latte,Night,Tue,Dec,2,12,2024/12/31,07:25.4
19,card,35.76,Hot Chocolate,Night,Tue,Dec,2,12,2024/12/31,08:38.9
9,card,30.86,Americano with Milk,Morning,Thu,Jan,4,1,2025/01/02,58:05.3
13,card,35.76,Cocoa,Afternoon,Thu,Jan,4,1,2025/01/02,29:40.1
13,card,35.76,Cocoa,Afternoon,Thu,Jan,4,1,2025/01/02,30:38.7
14,card,25.96,Cortado,Afternoon,Thu,Jan,4,1,2025/01/02,41:10.6
14,card,25.96,Cortado,Afternoon,Thu,Jan,4,1,2025/01/02,42:45.8
16,card,25.96,Americano,Afternoon,Thu,Jan,4,1,2025/01/02,22:32.4
16,card,35.76,Hot Chocolate,Afternoon,Thu,Jan,4,1,2025/01/02,34:59.5
16,card,30.86,Americano with Milk,Afternoon,Thu,Jan,4,1,2025/01/02,35:44.3
17,card,35.76,Cappuccino,Night,Thu,Jan,4,1,2025/01/02,43:10.2
9,card,25.96,Cortado,Morning,Fri,Jan,5,1,2025/01/03,03:22.7
10,card,30.86,Americano with Milk,Morning,Fri,Jan,5,1,2025/01/03,10:30.8
16,card,30.86,Americano with Milk,Afternoon,Fri,Jan,5,1,2025/01/03,58:09.4
22,card,35.76,Cappuccino,Night,Fri,Jan,5,1,2025/01/03,13:28.6
22,card,25.96,Americano,Night,Fri,Jan,5,1,2025/01/03,18:20.4
22,card,25.96,Americano,Night,Fri,Jan,5,1,2025/01/03,19:14.4
22,card,35.76,Latte,Night,Fri,Jan,5,1,2025/01/03,21:26.0
8,card,25.96,Cortado,Morning,Sat,Jan,6,1,2025/01/04,58:26.5
9,card,25.96,Americano,Morning,Sat,Jan,6,1,2025/01/04,59:27.8
13,card,35.76,Cappuccino,Afternoon,Sat,Jan,6,1,2025/01/04,40:00.3
15,card,35.76,Cocoa,Afternoon,Sat,Jan,6,1,2025/01/04,59:33.2
16,card,30.86,Americano with Milk,Afternoon,Sat,Jan,6,1,2025/01/04,12:55.2
16,card,35.76,Cappuccino,Afternoon,Sat,Jan,6,1,2025/01/04,14:10.2
16,card,35.76,Cappuccino,Afternoon,Sat,Jan,6,1,2025/01/04,16:11.2
16,card,25.96,Cortado,Afternoon,Sat,Jan,6,1,2025/01/04,18:04.1
18,card,25.96,Americano,Night,Sat,Jan,6,1,2025/01/04,11:39.3
22,card,35.76,Latte,Night,Sat,Jan,6,1,2025/01/04,23:30.7
9,card,30.86,Americano with Milk,Morning,Sun,Jan,7,1,2025/01/05,45:57.8
10,card,35.76,Latte,Morning,Sun,Jan,7,1,2025/01/05,53:00.8
22,card,30.86,Americano with Milk,Night,Sun,Jan,7,1,2025/01/05,07:16.5
19,card,25.96,Americano,Night,Mon,Jan,1,1,2025/01/06,58:50.7
13,card,35.76,Cappuccino,Afternoon,Tue,Jan,2,1,2025/01/07,29:02.8
22,card,35.76,Cocoa,Night,Tue,Jan,2,1,2025/01/07,32:45.1
22,card,35.76,Cocoa,Night,Tue,Jan,2,1,2025/01/07,33:58.9
7,card,30.86,Americano with Milk,Morning,Wed,Jan,3,1,2025/01/08,30:02.0
9,card,35.76,Latte,Morning,Wed,Jan,3,1,2025/01/08,11:15.1
10,card,25.96,Cortado,Morning,Wed,Jan,3,1,2025/01/08,30:28.7
17,card,35.76,Cappuccino,Night,Wed,Jan,3,1,2025/01/08,22:51.6
8,card,25.96,Americano,Morning,Thu,Jan,4,1,2025/01/09,07:07.6
8,card,35.76,Latte,Morning,Thu,Jan,4,1,2025/01/09,56:34.7
9,card,30.86,Americano with Milk,Morning,Thu,Jan,4,1,2025/01/09,02:31.8
14,card,21.06,Espresso,Afternoon,Thu,Jan,4,1,2025/01/09,27:23.7
15,card,35.76,Latte,Afternoon,Thu,Jan,4,1,2025/01/09,36:58.7
15,card,30.86,Americano with Milk,Afternoon,Thu,Jan,4,1,2025/01/09,48:10.0
15,card,25.96,Cortado,Afternoon,Thu,Jan,4,1,2025/01/09,49:11.8
20,card,30.86,Americano with Milk,Night,Thu,Jan,4,1,2025/01/09,30:29.1
22,card,35.76,Latte,Night,Thu,Jan,4,1,2025/01/09,10:20.7
8,card,30.86,Americano with Milk,Morning,Fri,Jan,5,1,2025/01/10,49:20.8
9,card,30.86,Americano with Milk,Morning,Fri,Jan,5,1,2025/01/10,16:36.5
17,card,35.76,Cappuccino,Night,Fri,Jan,5,1,2025/01/10,51:18.8
17,card,35.76,Hot Chocolate,Night,Fri,Jan,5,1,2025/01/10,55:53.4
17,card,30.86,Americano with Milk,Night,Fri,Jan,5,1,2025/01/10,59:39.2
7,card,30.86,Americano with Milk,Morning,Sat,Jan,6,1,2025/01/11,44:30.5
10,card,35.76,Hot Chocolate,Morning,Sat,Jan,6,1,2025/01/11,49:41.3
11,card,25.96,Americano,Morning,Sat,Jan,6,1,2025/01/11,13:53.9
11,card,35.76,Latte,Morning,Sat,Jan,6,1,2025/01/11,20:17.6
11,card,35.76,Latte,Morning,Sat,Jan,6,1,2025/01/11,21:25.6
12,card,35.76,Latte,Afternoon,Sat,Jan,6,1,2025/01/11,10:58.7
12,card,35.76,Latte,Afternoon,Sat,Jan,6,1,2025/01/11,13:24.8
14,card,30.86,Americano with Milk,Afternoon,Sat,Jan,6,1,2025/01/11,12:54.8
14,card,30.86,Americano with Milk,Afternoon,Sat,Jan,6,1,2025/01/11,15:38.1
14,card,35.76,Cappuccino,Afternoon,Sat,Jan,6,1,2025/01/11,16:43.9
14,card,35.76,Latte,Afternoon,Sat,Jan,6,1,2025/01/11,47:03.0
17,card,25.96,Cortado,Night,Sat,Jan,6,1,2025/01/11,19:34.0
17,card,35.76,Latte,Night,Sat,Jan,6,1,2025/01/11,20:56.8
17,card,25.96,Cortado,Night,Sat,Jan,6,1,2025/01/11,22:05.1
18,card,30.86,Americano with Milk,Night,Sat,Jan,6,1,2025/01/11,01:28.5
11,card,30.86,Americano with Milk,Morning,Sun,Jan,7,1,2025/01/12,45:32.4
11,card,25.96,Americano,Morning,Sun,Jan,7,1,2025/01/12,48:18.7
11,card,30.86,Americano with Milk,Morning,Sun,Jan,7,1,2025/01/12,49:50.3
16,card,35.76,Hot Chocolate,Afternoon,Sun,Jan,7,1,2025/01/12,15:58.8
20,card,30.86,Americano with Milk,Night,Sun,Jan,7,1,2025/01/12,56:04.3
8,card,30.86,Americano with Milk,Morning,Mon,Jan,1,1,2025/01/13,08:20.3
9,card,30.86,Americano with Milk,Morning,Mon,Jan,1,1,2025/01/13,17:19.6
13,card,25.96,Cortado,Afternoon,Mon,Jan,1,1,2025/01/13,02:56.6
13,card,35.76,Latte,Afternoon,Mon,Jan,1,1,2025/01/13,50:46.6
14,card,35.76,Latte,Afternoon,Mon,Jan,1,1,2025/01/13,11:27.3
14,card,35.76,Cappuccino,Afternoon,Mon,Jan,1,1,2025/01/13,12:28.3
16,card,35.76,Latte,Afternoon,Mon,Jan,1,1,2025/01/13,25:36.3
20,card,21.06,Espresso,Night,Mon,Jan,1,1,2025/01/13,51:18.3
7,card,35.76,Latte,Morning,Tue,Jan,2,1,2025/01/14,37:42.5
9,card,25.96,Cortado,Morning,Tue,Jan,2,1,2025/01/14,53:42.8
10,card,30.86,Americano with Milk,Morning,Tue,Jan,2,1,2025/01/14,21:45.6
12,card,35.76,Latte,Afternoon,Tue,Jan,2,1,2025/01/14,49:14.4
16,card,30.86,Americano with Milk,Afternoon,Tue,Jan,2,1,2025/01/14,18:19.3
16,card,30.86,Americano with Milk,Afternoon,Tue,Jan,2,1,2025/01/14,19:26.5
19,card,35.76,Cappuccino,Night,Tue,Jan,2,1,2025/01/14,41:55.9
21,card,35.76,Latte,Night,Tue,Jan,2,1,2025/01/14,02:35.6
9,card,30.86,Americano with Milk,Morning,Wed,Jan,3,1,2025/01/15,12:04.2
11,card,25.96,Americano,Morning,Wed,Jan,3,1,2025/01/15,10:23.7
13,card,35.76,Cappuccino,Afternoon,Wed,Jan,3,1,2025/01/15,14:14.6
15,card,35.76,Latte,Afternoon,Wed,Jan,3,1,2025/01/15,35:21.9
15,card,35.76,Cappuccino,Afternoon,Wed,Jan,3,1,2025/01/15,36:47.9
15,card,35.76,Latte,Afternoon,Wed,Jan,3,1,2025/01/15,37:55.7
16,card,35.76,Latte,Afternoon,Wed,Jan,3,1,2025/01/15,55:26.0
18,card,35.76,Latte,Night,Wed,Jan,3,1,2025/01/15,06:12.4
19,card,35.76,Latte,Night,Wed,Jan,3,1,2025/01/15,51:14.1
21,card,35.76,Cappuccino,Night,Wed,Jan,3,1,2025/01/15,41:14.3
9,card,35.76,Latte,Morning,Thu,Jan,4,1,2025/01/16,32:57.7
9,card,30.86,Americano with Milk,Morning,Thu,Jan,4,1,2025/01/16,38:09.4
10,card,30.86,Americano with Milk,Morning,Thu,Jan,4,1,2025/01/16,41:40.9
12,card,25.96,Cortado,Afternoon,Thu,Jan,4,1,2025/01/16,12:16.3
15,card,35.76,Latte,Afternoon,Thu,Jan,4,1,2025/01/16,16:19.2
16,card,35.76,Latte,Afternoon,Thu,Jan,4,1,2025/01/16,35:11.0
18,card,35.76,Cappuccino,Night,Thu,Jan,4,1,2025/01/16,15:57.4
21,card,35.76,Hot Chocolate,Night,Thu,Jan,4,1,2025/01/16,15:59.7
21,card,35.76,Hot Chocolate,Night,Thu,Jan,4,1,2025/01/16,16:59.2
21,card,25.96,Cortado,Night,Thu,Jan,4,1,2025/01/16,40:12.5
7,card,35.76,Cocoa,Morning,Fri,Jan,5,1,2025/01/17,38:19.8
8,card,35.76,Latte,Morning,Fri,Jan,5,1,2025/01/17,26:20.8
8,card,35.76,Cappuccino,Morning,Fri,Jan,5,1,2025/01/17,27:48.4
8,card,30.86,Americano with Milk,Morning,Fri,Jan,5,1,2025/01/17,47:56.1
9,card,30.86,Americano with Milk,Morning,Fri,Jan,5,1,2025/01/17,27:38.4
14,card,35.76,Cocoa,Afternoon,Fri,Jan,5,1,2025/01/17,20:54.0
14,card,35.76,Cocoa,Afternoon,Fri,Jan,5,1,2025/01/17,22:02.7
17,card,35.76,Hot Chocolate,Night,Fri,Jan,5,1,2025/01/17,39:10.6
21,card,35.76,Hot Chocolate,Night,Fri,Jan,5,1,2025/01/17,22:19.0
10,card,30.86,Americano with Milk,Morning,Sat,Jan,6,1,2025/01/18,12:38.2
16,card,35.76,Hot Chocolate,Afternoon,Sat,Jan,6,1,2025/01/18,33:40.1
16,card,35.76,Latte,Afternoon,Sat,Jan,6,1,2025/01/18,35:14.2
16,card,35.76,Hot Chocolate,Afternoon,Sat,Jan,6,1,2025/01/18,36:29.0
8,card,30.86,Americano with Milk,Morning,Mon,Jan,1,1,2025/01/20,29:48.0
10,card,30.86,Americano with Milk,Morning,Mon,Jan,1,1,2025/01/20,57:25.2
11,card,25.96,Cortado,Morning,Mon,Jan,1,1,2025/01/20,40:24.0
12,card,25.96,Americano,Afternoon,Mon,Jan,1,1,2025/01/20,04:49.9
12,card,25.96,Cortado,Afternoon,Mon,Jan,1,1,2025/01/20,06:00.7
13,card,30.86,Americano with Milk,Afternoon,Mon,Jan,1,1,2025/01/20,45:14.1
20,card,35.76,Hot Chocolate,Night,Mon,Jan,1,1,2025/01/20,08:11.4
20,card,35.76,Cappuccino,Night,Mon,Jan,1,1,2025/01/20,26:24.9
20,card,35.76,Cappuccino,Night,Mon,Jan,1,1,2025/01/20,27:29.0
21,card,35.76,Latte,Night,Mon,Jan,1,1,2025/01/20,13:45.4
8,card,35.76,Cocoa,Morning,Tue,Jan,2,1,2025/01/21,05:04.3
8,card,25.96,Cortado,Morning,Tue,Jan,2,1,2025/01/21,18:19.3
8,card,30.86,Americano with Milk,Morning,Tue,Jan,2,1,2025/01/21,19:28.3
15,card,25.96,Americano,Afternoon,Tue,Jan,2,1,2025/01/21,35:16.5
18,card,35.76,Hot Chocolate,Night,Tue,Jan,2,1,2025/01/21,32:32.7
18,card,35.76,Latte,Night,Tue,Jan,2,1,2025/01/21,54:13.4
18,card,35.76,Latte,Night,Tue,Jan,2,1,2025/01/21,56:15.3
19,card,25.96,Americano,Night,Tue,Jan,2,1,2025/01/21,15:21.1
11,card,21.06,Espresso,Morning,Wed,Jan,3,1,2025/01/22,24:45.9
17,card,30.86,Americano with Milk,Night,Wed,Jan,3,1,2025/01/22,32:06.5
18,card,35.76,Cocoa,Night,Wed,Jan,3,1,2025/01/22,49:59.4
19,card,30.86,Americano with Milk,Night,Wed,Jan,3,1,2025/01/22,10:26.0
19,card,35.76,Cappuccino,Night,Wed,Jan,3,1,2025/01/22,11:23.1
19,card,35.76,Latte,Night,Wed,Jan,3,1,2025/01/22,29:15.7
20,card,30.86,Americano with Milk,Night,Wed,Jan,3,1,2025/01/22,14:30.7
13,card,35.76,Cappuccino,Afternoon,Fri,Jan,5,1,2025/01/24,42:17.0
13,card,25.96,Cortado,Afternoon,Fri,Jan,5,1,2025/01/24,43:37.6
15,card,35.76,Cocoa,Afternoon,Fri,Jan,5,1,2025/01/24,28:38.8
17,card,25.96,Americano,Night,Fri,Jan,5,1,2025/01/24,41:49.3
21,card,35.76,Cocoa,Night,Fri,Jan,5,1,2025/01/24,16:26.4
22,card,35.76,Hot Chocolate,Night,Fri,Jan,5,1,2025/01/24,31:55.6
22,card,35.76,Latte,Night,Fri,Jan,5,1,2025/01/24,32:57.9
13,card,35.76,Cappuccino,Afternoon,Sat,Jan,6,1,2025/01/25,21:04.2
14,card,35.76,Cappuccino,Afternoon,Sat,Jan,6,1,2025/01/25,38:24.6
14,card,25.96,Americano,Afternoon,Sat,Jan,6,1,2025/01/25,39:35.1
12,card,25.96,Americano,Afternoon,Sun,Jan,7,1,2025/01/26,35:23.0
12,card,21.06,Espresso,Afternoon,Sun,Jan,7,1,2025/01/26,36:34.0
8,card,25.96,Cortado,Morning,Mon,Jan,1,1,2025/01/27,07:42.4
8,card,25.96,Americano,Morning,Mon,Jan,1,1,2025/01/27,32:43.5
12,card,35.76,Cappuccino,Afternoon,Mon,Jan,1,1,2025/01/27,05:02.4
13,card,30.86,Americano with Milk,Afternoon,Mon,Jan,1,1,2025/01/27,45:08.8
15,card,30.86,Americano with Milk,Afternoon,Mon,Jan,1,1,2025/01/27,27:54.1
15,card,25.96,Cortado,Afternoon,Mon,Jan,1,1,2025/01/27,29:00.9
15,card,30.86,Americano with Milk,Afternoon,Mon,Jan,1,1,2025/01/27,30:12.7
18,card,35.76,Latte,Night,Mon,Jan,1,1,2025/01/27,55:19.3
19,card,35.76,Latte,Night,Mon,Jan,1,1,2025/01/27,02:40.3
19,card,35.76,Latte,Night,Mon,Jan,1,1,2025/01/27,03:45.5
8,card,35.76,Latte,Morning,Tue,Jan,2,1,2025/01/28,26:36.8
9,card,25.96,Americano,Morning,Tue,Jan,2,1,2025/01/28,33:17.1
11,card,30.86,Americano with Milk,Morning,Tue,Jan,2,1,2025/01/28,56:26.9
12,card,25.96,Americano,Afternoon,Tue,Jan,2,1,2025/01/28,22:01.2
16,card,35.76,Cocoa,Afternoon,Tue,Jan,2,1,2025/01/28,19:07.6
16,card,25.96,Cortado,Afternoon,Tue,Jan,2,1,2025/01/28,20:44.7
17,card,25.96,Americano,Night,Tue,Jan,2,1,2025/01/28,40:00.9
20,card,35.76,Latte,Night,Tue,Jan,2,1,2025/01/28,11:50.9
20,card,35.76,Cappuccino,Night,Tue,Jan,2,1,2025/01/28,13:45.2
9,card,25.96,Americano,Morning,Wed,Jan,3,1,2025/01/29,38:47.2
16,card,25.96,Americano,Afternoon,Wed,Jan,3,1,2025/01/29,25:36.8
19,card,30.86,Americano with Milk,Night,Wed,Jan,3,1,2025/01/29,19:08.3
19,card,21.06,Espresso,Night,Wed,Jan,3,1,2025/01/29,20:34.7
9,card,30.86,Americano with Milk,Morning,Thu,Jan,4,1,2025/01/30,18:05.5
10,card,30.86,Americano with Milk,Morning,Thu,Jan,4,1,2025/01/30,12:33.9
11,card,25.96,Cortado,Morning,Thu,Jan,4,1,2025/01/30,26:29.2
12,card,35.76,Hot Chocolate,Afternoon,Thu,Jan,4,1,2025/01/30,42:15.7
13,card,25.96,Americano,Afternoon,Thu,Jan,4,1,2025/01/30,02:00.7
14,card,30.86,Americano with Milk,Afternoon,Thu,Jan,4,1,2025/01/30,41:42.3
17,card,35.76,Hot Chocolate,Night,Thu,Jan,4,1,2025/01/30,18:48.4
18,card,30.86,Americano with Milk,Night,Thu,Jan,4,1,2025/01/30,24:06.7
18,card,25.96,Cortado,Night,Thu,Jan,4,1,2025/01/30,41:49.7
8,card,25.96,Americano,Morning,Fri,Jan,5,1,2025/01/31,40:51.4
8,card,30.86,Americano with Milk,Morning,Fri,Jan,5,1,2025/01/31,41:44.7
9,card,30.86,Americano with Milk,Morning,Fri,Jan,5,1,2025/01/31,17:14.8
9,card,35.76,Cocoa,Morning,Fri,Jan,5,1,2025/01/31,20:11.0
9,card,35.76,Cappuccino,Morning,Fri,Jan,5,1,2025/01/31,26:46.8
9,card,35.76,Cappuccino,Morning,Fri,Jan,5,1,2025/01/31,27:47.7
12,card,35.76,Latte,Afternoon,Fri,Jan,5,1,2025/01/31,31:01.2
12,card,35.76,Latte,Afternoon,Fri,Jan,5,1,2025/01/31,54:25.7
14,card,35.76,Cappuccino,Afternoon,Fri,Jan,5,1,2025/01/31,02:58.3
16,card,30.86,Americano with Milk,Afternoon,Fri,Jan,5,1,2025/01/31,48:34.0
22,card,30.86,Americano with Milk,Night,Fri,Jan,5,1,2025/01/31,35:58.8
22,card,25.96,Americano,Night,Fri,Jan,5,1,2025/01/31,37:02.0
8,card,30.86,Americano with Milk,Morning,Sat,Feb,6,2,2025/02/01,50:23.6
10,card,30.86,Americano with Milk,Morning,Sat,Feb,6,2,2025/02/01,07:22.8
13,card,25.96,Cortado,Afternoon,Sat,Feb,6,2,2025/02/01,14:46.6
13,card,25.96,Cortado,Afternoon,Sat,Feb,6,2,2025/02/01,15:29.2
14,card,35.76,Cappuccino,Afternoon,Sat,Feb,6,2,2025/02/01,35:18.9
14,card,35.76,Cappuccino,Afternoon,Sat,Feb,6,2,2025/02/01,36:16.6
15,card,35.76,Latte,Afternoon,Sat,Feb,6,2,2025/02/01,49:59.0
18,card,35.76,Cappuccino,Night,Sat,Feb,6,2,2025/02/01,57:14.4
19,card,30.86,Americano with Milk,Night,Sat,Feb,6,2,2025/02/01,53:15.5
19,card,30.86,Americano with Milk,Night,Sat,Feb,6,2,2025/02/01,54:24.1
21,card,30.86,Americano with Milk,Night,Sat,Feb,6,2,2025/02/01,37:01.8
10,card,35.76,Cappuccino,Morning,Sun,Feb,7,2,2025/02/02,56:21.9
10,card,35.76,Cappuccino,Morning,Sun,Feb,7,2,2025/02/02,57:37.8
12,card,35.76,Latte,Afternoon,Sun,Feb,7,2,2025/02/02,54:32.2
12,card,35.76,Latte,Afternoon,Sun,Feb,7,2,2025/02/02,56:04.7
14,card,30.86,Americano with Milk,Afternoon,Sun,Feb,7,2,2025/02/02,22:57.3
16,card,35.76,Latte,Afternoon,Sun,Feb,7,2,2025/02/02,45:07.9
16,card,35.76,Latte,Afternoon,Sun,Feb,7,2,2025/02/02,46:57.2
7,card,35.76,Cappuccino,Morning,Mon,Feb,1,2,2025/02/03,03:24.8
7,card,30.86,Americano with Milk,Morning,Mon,Feb,1,2,2025/02/03,04:56.6
8,card,21.06,Espresso,Morning,Mon,Feb,1,2,2025/02/03,04:03.6
8,card,30.86,Americano with Milk,Morning,Mon,Feb,1,2,2025/02/03,09:09.0
10,card,25.96,Americano,Morning,Mon,Feb,1,2,2025/02/03,15:38.6
10,card,35.76,Cappuccino,Morning,Mon,Feb,1,2,2025/02/03,22:18.4
10,card,30.86,Americano with Milk,Morning,Mon,Feb,1,2,2025/02/03,49:58.7
13,card,35.76,Cappuccino,Afternoon,Mon,Feb,1,2,2025/02/03,25:02.1
13,card,35.76,Cappuccino,Afternoon,Mon,Feb,1,2,2025/02/03,32:53.7
13,card,25.96,Americano,Afternoon,Mon,Feb,1,2,2025/02/03,51:03.3
14,card,25.96,Americano,Afternoon,Mon,Feb,1,2,2025/02/03,06:36.5
14,card,35.76,Latte,Afternoon,Mon,Feb,1,2,2025/02/03,47:02.2
14,card,35.76,Latte,Afternoon,Mon,Feb,1,2,2025/02/03,50:20.6
15,card,35.76,Latte,Afternoon,Mon,Feb,1,2,2025/02/03,01:44.6
15,card,25.96,Americano,Afternoon,Mon,Feb,1,2,2025/02/03,41:27.2
17,card,35.76,Cocoa,Night,Mon,Feb,1,2,2025/02/03,01:26.9
17,card,30.86,Americano with Milk,Night,Mon,Feb,1,2,2025/02/03,09:55.1
17,card,30.86,Americano with Milk,Night,Mon,Feb,1,2,2025/02/03,11:07.2
17,card,30.86,Americano with Milk,Night,Mon,Feb,1,2,2025/02/03,12:05.2
17,card,35.76,Hot Chocolate,Night,Mon,Feb,1,2,2025/02/03,13:21.5
17,card,35.76,Latte,Night,Mon,Feb,1,2,2025/02/03,14:18.4
17,card,35.76,Hot Chocolate,Night,Mon,Feb,1,2,2025/02/03,15:40.9
17,card,30.86,Americano with Milk,Night,Mon,Feb,1,2,2025/02/03,44:17.7
18,card,25.96,Americano,Night,Mon,Feb,1,2,2025/02/03,09:00.5
20,card,35.76,Cocoa,Night,Mon,Feb,1,2,2025/02/03,44:14.1
10,card,30.86,Americano with Milk,Morning,Tue,Feb,2,2,2025/02/04,04:56.8
10,card,25.96,Americano,Morning,Tue,Feb,2,2,2025/02/04,11:31.3
12,card,30.86,Americano with Milk,Afternoon,Tue,Feb,2,2,2025/02/04,35:58.3
13,card,25.96,Cortado,Afternoon,Tue,Feb,2,2,2025/02/04,07:39.0
14,card,25.96,Americano,Afternoon,Tue,Feb,2,2,2025/02/04,15:14.0
14,card,30.86,Americano with Milk,Afternoon,Tue,Feb,2,2,2025/02/04,17:36.5
14,card,25.96,Americano,Afternoon,Tue,Feb,2,2,2025/02/04,19:48.5
18,card,30.86,Americano with Milk,Night,Tue,Feb,2,2,2025/02/04,13:41.8
19,card,35.76,Cocoa,Night,Tue,Feb,2,2,2025/02/04,05:21.9
19,card,35.76,Cocoa,Night,Tue,Feb,2,2,2025/02/04,09:36.7
19,card,35.76,Cocoa,Night,Tue,Feb,2,2,2025/02/04,10:27.6
19,card,25.96,Cortado,Night,Tue,Feb,2,2,2025/02/04,27:27.3
8,card,30.86,Americano with Milk,Morning,Wed,Feb,3,2,2025/02/05,42:10.5
9,card,30.86,Americano with Milk,Morning,Wed,Feb,3,2,2025/02/05,10:43.7
11,card,25.96,Americano,Morning,Wed,Feb,3,2,2025/02/05,49:35.8
11,card,25.96,Americano,Morning,Wed,Feb,3,2,2025/02/05,50:41.6
11,card,25.96,Americano,Morning,Wed,Feb,3,2,2025/02/05,51:45.4
11,card,30.86,Americano with Milk,Morning,Wed,Feb,3,2,2025/02/05,58:36.4
12,card,25.96,Americano,Afternoon,Wed,Feb,3,2,2025/02/05,10:46.9
13,card,25.96,Americano,Afternoon,Wed,Feb,3,2,2025/02/05,20:46.2
13,card,21.06,Espresso,Afternoon,Wed,Feb,3,2,2025/02/05,43:42.8
13,card,21.06,Espresso,Afternoon,Wed,Feb,3,2,2025/02/05,44:29.3
14,card,35.76,Cappuccino,Afternoon,Wed,Feb,3,2,2025/02/05,57:52.7
15,card,35.76,Cappuccino,Afternoon,Wed,Feb,3,2,2025/02/05,50:58.8
16,card,35.76,Hot Chocolate,Afternoon,Wed,Feb,3,2,2025/02/05,34:20.4
16,card,35.76,Latte,Afternoon,Wed,Feb,3,2,2025/02/05,35:33.0
16,card,35.76,Latte,Afternoon,Wed,Feb,3,2,2025/02/05,36:34.2
16,card,35.76,Cocoa,Afternoon,Wed,Feb,3,2,2025/02/05,39:01.7
16,card,35.76,Hot Chocolate,Afternoon,Wed,Feb,3,2,2025/02/05,41:10.0
18,card,35.76,Cappuccino,Night,Wed,Feb,3,2,2025/02/05,18:34.4
18,card,35.76,Cappuccino,Night,Wed,Feb,3,2,2025/02/05,19:49.1
18,card,35.76,Cocoa,Night,Wed,Feb,3,2,2025/02/05,20:51.5
18,card,30.86,Americano with Milk,Night,Wed,Feb,3,2,2025/02/05,25:29.3
18,card,35.76,Cappuccino,Night,Wed,Feb,3,2,2025/02/05,45:42.1
19,card,35.76,Hot Chocolate,Night,Wed,Feb,3,2,2025/02/05,06:46.3
20,card,35.76,Cocoa,Night,Wed,Feb,3,2,2025/02/05,03:20.6
7,card,30.86,Americano with Milk,Morning,Thu,Feb,4,2,2025/02/06,16:48.6
13,card,25.96,Americano,Afternoon,Thu,Feb,4,2,2025/02/06,59:21.5
14,card,30.86,Americano with Milk,Afternoon,Thu,Feb,4,2,2025/02/06,55:31.6
14,card,35.76,Cappuccino,Afternoon,Thu,Feb,4,2,2025/02/06,59:22.4
16,card,35.76,Cocoa,Afternoon,Thu,Feb,4,2,2025/02/06,14:49.8
17,card,35.76,Cocoa,Night,Thu,Feb,4,2,2025/02/06,09:45.6
17,card,35.76,Cocoa,Night,Thu,Feb,4,2,2025/02/06,54:25.0
19,card,35.76,Cappuccino,Night,Thu,Feb,4,2,2025/02/06,53:12.7
19,card,21.06,Espresso,Night,Thu,Feb,4,2,2025/02/06,55:06.5
20,card,35.76,Cocoa,Night,Thu,Feb,4,2,2025/02/06,06:59.3
20,card,35.76,Cocoa,Night,Thu,Feb,4,2,2025/02/06,07:47.1
20,card,35.76,Latte,Night,Thu,Feb,4,2,2025/02/06,23:13.5
8,card,30.86,Americano with Milk,Morning,Fri,Feb,5,2,2025/02/07,44:50.0
9,card,30.86,Americano with Milk,Morning,Fri,Feb,5,2,2025/02/07,07:04.7
10,card,25.96,Americano,Morning,Fri,Feb,5,2,2025/02/07,49:23.2
12,card,35.76,Cocoa,Afternoon,Fri,Feb,5,2,2025/02/07,09:38.6
12,card,30.86,Americano with Milk,Afternoon,Fri,Feb,5,2,2025/02/07,51:22.4
12,card,25.96,Americano,Afternoon,Fri,Feb,5,2,2025/02/07,58:51.8
16,card,25.96,Cortado,Afternoon,Fri,Feb,5,2,2025/02/07,04:10.9
16,card,35.76,Latte,Afternoon,Fri,Feb,5,2,2025/02/07,22:13.1
16,card,35.76,Hot Chocolate,Afternoon,Fri,Feb,5,2,2025/02/07,23:14.1
16,card,35.76,Latte,Afternoon,Fri,Feb,5,2,2025/02/07,24:35.2
18,card,35.76,Cocoa,Night,Fri,Feb,5,2,2025/02/07,42:36.7
18,card,35.76,Cocoa,Night,Fri,Feb,5,2,2025/02/07,43:36.1
18,card,25.96,Cortado,Night,Fri,Feb,5,2,2025/02/07,44:30.8
18,card,35.76,Cocoa,Night,Fri,Feb,5,2,2025/02/07,45:23.1
20,card,35.76,Cocoa,Night,Fri,Feb,5,2,2025/02/07,10:59.4
20,card,25.96,Cortado,Night,Fri,Feb,5,2,2025/02/07,30:56.9
9,card,25.96,Americano,Morning,Sat,Feb,6,2,2025/02/08,01:42.9
10,card,30.86,Americano with Milk,Morning,Sat,Feb,6,2,2025/02/08,56:17.1
11,card,25.96,Cortado,Morning,Sat,Feb,6,2,2025/02/08,02:41.4
11,card,25.96,Americano,Morning,Sat,Feb,6,2,2025/02/08,39:33.9
12,card,25.96,Americano,Afternoon,Sat,Feb,6,2,2025/02/08,46:12.8
13,card,25.96,Americano,Afternoon,Sat,Feb,6,2,2025/02/08,26:47.6
15,card,25.96,Americano,Afternoon,Sat,Feb,6,2,2025/02/08,07:04.2
15,card,25.96,Americano,Afternoon,Sat,Feb,6,2,2025/02/08,08:09.2
8,card,35.76,Cocoa,Morning,Sun,Feb,7,2,2025/02/09,49:24.1
10,card,30.86,Americano with Milk,Morning,Sun,Feb,7,2,2025/02/09,31:09.2
10,card,25.96,Americano,Morning,Sun,Feb,7,2,2025/02/09,51:28.0
12,card,35.76,Latte,Afternoon,Sun,Feb,7,2,2025/02/09,05:05.0
15,card,35.76,Cocoa,Afternoon,Sun,Feb,7,2,2025/02/09,13:09.2
15,card,35.76,Latte,Afternoon,Sun,Feb,7,2,2025/02/09,14:02.3
15,card,35.76,Hot Chocolate,Afternoon,Sun,Feb,7,2,2025/02/09,15:57.9
15,card,35.76,Cocoa,Afternoon,Sun,Feb,7,2,2025/02/09,16:52.2
16,card,25.96,Cortado,Afternoon,Sun,Feb,7,2,2025/02/09,20:18.8
7,card,25.96,Americano,Morning,Mon,Feb,1,2,2025/02/10,01:46.6
8,card,25.96,Americano,Morning,Mon,Feb,1,2,2025/02/10,16:32.1
8,card,25.96,Americano,Morning,Mon,Feb,1,2,2025/02/10,24:56.4
11,card,30.86,Americano with Milk,Morning,Mon,Feb,1,2,2025/02/10,11:43.0
13,card,25.96,Americano,Afternoon,Mon,Feb,1,2,2025/02/10,08:50.2
13,card,35.76,Cocoa,Afternoon,Mon,Feb,1,2,2025/02/10,11:06.0
13,card,30.86,Americano with Milk,Afternoon,Mon,Feb,1,2,2025/02/10,26:54.7
13,card,25.96,Americano,Afternoon,Mon,Feb,1,2,2025/02/10,40:13.3
14,card,35.76,Latte,Afternoon,Mon,Feb,1,2,2025/02/10,01:52.0
14,card,25.96,Americano,Afternoon,Mon,Feb,1,2,2025/02/10,07:41.4
14,card,35.76,Cocoa,Afternoon,Mon,Feb,1,2,2025/02/10,11:46.5
14,card,35.76,Cocoa,Afternoon,Mon,Feb,1,2,2025/02/10,15:44.6
15,card,35.76,Cappuccino,Afternoon,Mon,Feb,1,2,2025/02/10,01:55.0
15,card,30.86,Americano with Milk,Afternoon,Mon,Feb,1,2,2025/02/10,14:01.2
15,card,35.76,Latte,Afternoon,Mon,Feb,1,2,2025/02/10,46:02.6
15,card,35.76,Hot Chocolate,Afternoon,Mon,Feb,1,2,2025/02/10,47:44.1
16,card,35.76,Cocoa,Afternoon,Mon,Feb,1,2,2025/02/10,20:55.0
17,card,25.96,Americano,Night,Mon,Feb,1,2,2025/02/10,12:02.4
18,card,30.86,Americano with Milk,Night,Mon,Feb,1,2,2025/02/10,27:14.6
19,card,35.76,Latte,Night,Mon,Feb,1,2,2025/02/10,14:01.5
19,card,35.76,Latte,Night,Mon,Feb,1,2,2025/02/10,14:53.5
10,card,25.96,Americano,Morning,Tue,Feb,2,2,2025/02/11,38:26.0
11,card,25.96,Americano,Morning,Tue,Feb,2,2,2025/02/11,19:15.5
11,card,30.86,Americano with Milk,Morning,Tue,Feb,2,2,2025/02/11,20:12.2
11,card,35.76,Cocoa,Morning,Tue,Feb,2,2,2025/02/11,21:08.0
15,card,35.76,Hot Chocolate,Afternoon,Tue,Feb,2,2,2025/02/11,56:49.9
16,card,30.86,Americano with Milk,Afternoon,Tue,Feb,2,2,2025/02/11,09:08.4
16,card,21.06,Espresso,Afternoon,Tue,Feb,2,2,2025/02/11,49:41.0
17,card,35.76,Latte,Night,Tue,Feb,2,2,2025/02/11,35:34.9
17,card,30.86,Americano with Milk,Night,Tue,Feb,2,2,2025/02/11,36:42.2
17,card,30.86,Americano with Milk,Night,Tue,Feb,2,2,2025/02/11,44:12.6
17,card,25.96,Americano,Night,Tue,Feb,2,2,2025/02/11,50:40.4
17,card,30.86,Americano with Milk,Night,Tue,Feb,2,2,2025/02/11,54:37.8
19,card,35.76,Latte,Night,Tue,Feb,2,2,2025/02/11,04:11.0
19,card,35.76,Cocoa,Night,Tue,Feb,2,2,2025/02/11,05:03.8
7,card,35.76,Cappuccino,Morning,Wed,Feb,3,2,2025/02/12,16:57.2
7,card,25.96,Americano,Morning,Wed,Feb,3,2,2025/02/12,35:37.6
8,card,35.76,Cocoa,Morning,Wed,Feb,3,2,2025/02/12,54:35.8
9,card,30.86,Americano with Milk,Morning,Wed,Feb,3,2,2025/02/12,19:45.9
10,card,25.96,Americano,Morning,Wed,Feb,3,2,2025/02/12,43:13.5
12,card,25.96,Americano,Afternoon,Wed,Feb,3,2,2025/02/12,43:29.1
13,card,25.96,Americano,Afternoon,Wed,Feb,3,2,2025/02/12,08:09.3
13,card,35.76,Hot Chocolate,Afternoon,Wed,Feb,3,2,2025/02/12,41:39.7
15,card,35.76,Hot Chocolate,Afternoon,Wed,Feb,3,2,2025/02/12,41:24.8
15,card,35.76,Latte,Afternoon,Wed,Feb,3,2,2025/02/12,42:16.6
15,card,35.76,Hot Chocolate,Afternoon,Wed,Feb,3,2,2025/02/12,43:34.5
16,card,25.96,Americano,Afternoon,Wed,Feb,3,2,2025/02/12,12:58.4
16,card,25.96,Americano,Afternoon,Wed,Feb,3,2,2025/02/12,26:08.5
17,card,35.76,Cappuccino,Night,Wed,Feb,3,2,2025/02/12,05:32.0
17,card,25.96,Americano,Night,Wed,Feb,3,2,2025/02/12,42:51.5
20,card,35.76,Latte,Night,Wed,Feb,3,2,2025/02/12,05:40.7
20,card,35.76,Cocoa,Night,Wed,Feb,3,2,2025/02/12,23:13.4
21,card,35.76,Cappuccino,Night,Wed,Feb,3,2,2025/02/12,17:04.3
7,card,30.86,Americano with Milk,Morning,Thu,Feb,4,2,2025/02/13,38:47.9
8,card,25.96,Americano,Morning,Thu,Feb,4,2,2025/02/13,45:57.1
9,card,21.06,Espresso,Morning,Thu,Feb,4,2,2025/02/13,17:21.0
9,card,35.76,Cocoa,Morning,Thu,Feb,4,2,2025/02/13,36:05.1
10,card,30.86,Americano with Milk,Morning,Thu,Feb,4,2,2025/02/13,29:32.7
10,card,30.86,Americano with Milk,Morning,Thu,Feb,4,2,2025/02/13,59:27.0
16,card,25.96,Americano,Afternoon,Thu,Feb,4,2,2025/02/13,30:39.2
16,card,25.96,Americano,Afternoon,Thu,Feb,4,2,2025/02/13,31:33.7
17,card,30.86,Americano with Milk,Night,Thu,Feb,4,2,2025/02/13,16:11.6
17,card,30.86,Americano with Milk,Night,Thu,Feb,4,2,2025/02/13,17:20.2
18,card,35.76,Latte,Night,Thu,Feb,4,2,2025/02/13,01:35.5
18,card,35.76,Cappuccino,Night,Thu,Feb,4,2,2025/02/13,15:08.6
19,card,35.76,Latte,Night,Thu,Feb,4,2,2025/02/13,06:30.4
11,card,25.96,Americano,Morning,Fri,Feb,5,2,2025/02/14,38:55.7
14,card,35.76,Hot Chocolate,Afternoon,Fri,Feb,5,2,2025/02/14,07:09.3
14,card,25.96,Americano,Afternoon,Fri,Feb,5,2,2025/02/14,45:59.8
14,card,21.06,Espresso,Afternoon,Fri,Feb,5,2,2025/02/14,46:45.1
14,card,30.86,Americano with Milk,Afternoon,Fri,Feb,5,2,2025/02/14,58:12.2
15,card,35.76,Cappuccino,Afternoon,Fri,Feb,5,2,2025/02/14,00:16.7
15,card,35.76,Cappuccino,Afternoon,Fri,Feb,5,2,2025/02/14,36:40.9
15,card,35.76,Latte,Afternoon,Fri,Feb,5,2,2025/02/14,38:47.5
15,card,35.76,Hot Chocolate,Afternoon,Fri,Feb,5,2,2025/02/14,53:56.5
15,card,35.76,Cappuccino,Afternoon,Fri,Feb,5,2,2025/02/14,54:57.2
17,card,25.96,Americano,Night,Fri,Feb,5,2,2025/02/14,03:16.1
17,card,35.76,Cocoa,Night,Fri,Feb,5,2,2025/02/14,04:29.5
17,card,21.06,Espresso,Night,Fri,Feb,5,2,2025/02/14,09:07.6
17,card,30.86,Americano with Milk,Night,Fri,Feb,5,2,2025/02/14,25:24.9
21,card,25.96,Americano,Night,Fri,Feb,5,2,2025/02/14,18:30.0
9,card,35.76,Cappuccino,Morning,Sat,Feb,6,2,2025/02/15,22:51.9
12,card,35.76,Cappuccino,Afternoon,Sat,Feb,6,2,2025/02/15,41:53.8
12,card,25.96,Americano,Afternoon,Sat,Feb,6,2,2025/02/15,44:26.6
13,card,30.86,Americano with Milk,Afternoon,Sat,Feb,6,2,2025/02/15,02:19.9
13,card,30.86,Americano with Milk,Afternoon,Sat,Feb,6,2,2025/02/15,32:05.7
14,card,35.76,Cappuccino,Afternoon,Sat,Feb,6,2,2025/02/15,01:51.2
14,card,25.96,Americano,Afternoon,Sat,Feb,6,2,2025/02/15,11:53.9
15,card,35.76,Hot Chocolate,Afternoon,Sat,Feb,6,2,2025/02/15,40:07.7
15,card,35.76,Hot Chocolate,Afternoon,Sat,Feb,6,2,2025/02/15,40:59.4
10,card,25.96,Americano,Morning,Sun,Feb,7,2,2025/02/16,46:43.2
10,card,25.96,Americano,Morning,Sun,Feb,7,2,2025/02/16,50:00.6
10,card,30.86,Americano with Milk,Morning,Sun,Feb,7,2,2025/02/16,51:04.0
11,card,35.76,Hot Chocolate,Morning,Sun,Feb,7,2,2025/02/16,04:47.9
11,card,25.96,Americano,Morning,Sun,Feb,7,2,2025/02/16,32:29.1
14,card,35.76,Hot Chocolate,Afternoon,Sun,Feb,7,2,2025/02/16,15:37.0
14,card,35.76,Latte,Afternoon,Sun,Feb,7,2,2025/02/16,16:41.1
17,card,35.76,Hot Chocolate,Night,Sun,Feb,7,2,2025/02/16,12:27.4
17,card,30.86,Americano with Milk,Night,Sun,Feb,7,2,2025/02/16,13:33.0
17,card,30.86,Americano with Milk,Night,Sun,Feb,7,2,2025/02/16,44:32.8
6,card,35.76,Cappuccino,Morning,Mon,Feb,1,2,2025/02/17,50:04.5
8,card,25.96,Americano,Morning,Mon,Feb,1,2,2025/02/17,53:13.8
9,card,25.96,Americano,Morning,Mon,Feb,1,2,2025/02/17,00:55.1
9,card,30.86,Americano with Milk,Morning,Mon,Feb,1,2,2025/02/17,28:06.6
9,card,35.76,Hot Chocolate,Morning,Mon,Feb,1,2,2025/02/17,56:59.2
10,card,30.86,Americano with Milk,Morning,Mon,Feb,1,2,2025/02/17,20:12.1
10,card,25.96,Americano,Morning,Mon,Feb,1,2,2025/02/17,44:48.0
11,card,30.86,Americano with Milk,Morning,Mon,Feb,1,2,2025/02/17,53:58.6
11,card,21.06,Espresso,Morning,Mon,Feb,1,2,2025/02/17,55:02.2
12,card,35.76,Cappuccino,Afternoon,Mon,Feb,1,2,2025/02/17,48:58.3
14,card,35.76,Latte,Afternoon,Mon,Feb,1,2,2025/02/17,23:01.9
15,card,30.86,Americano with Milk,Afternoon,Mon,Feb,1,2,2025/02/17,05:41.7
15,card,35.76,Latte,Afternoon,Mon,Feb,1,2,2025/02/17,33:19.6
16,card,21.06,Espresso,Afternoon,Mon,Feb,1,2,2025/02/17,19:06.4
16,card,25.96,Americano,Afternoon,Mon,Feb,1,2,2025/02/17,22:42.0
17,card,30.86,Americano with Milk,Night,Mon,Feb,1,2,2025/02/17,31:14.1
18,card,25.96,Americano,Night,Mon,Feb,1,2,2025/02/17,23:52.6
19,card,25.96,Americano,Night,Mon,Feb,1,2,2025/02/17,13:51.8
19,card,25.96,Americano,Night,Mon,Feb,1,2,2025/02/17,15:00.9
20,card,35.76,Latte,Night,Mon,Feb,1,2,2025/02/17,18:17.5
8,card,25.96,Americano,Morning,Tue,Feb,2,2,2025/02/18,53:08.7
8,card,25.96,Americano,Morning,Tue,Feb,2,2,2025/02/18,54:14.5
11,card,25.96,Americano,Morning,Tue,Feb,2,2,2025/02/18,07:35.3
11,card,25.96,Americano,Morning,Tue,Feb,2,2,2025/02/18,30:06.2
11,card,30.86,Americano with Milk,Morning,Tue,Feb,2,2,2025/02/18,38:23.5
12,card,30.86,Americano with Milk,Afternoon,Tue,Feb,2,2,2025/02/18,15:26.6
13,card,35.76,Cocoa,Afternoon,Tue,Feb,2,2,2025/02/18,04:27.2
13,card,25.96,Americano,Afternoon,Tue,Feb,2,2,2025/02/18,25:45.1
13,card,30.86,Americano with Milk,Afternoon,Tue,Feb,2,2,2025/02/18,27:05.3
17,card,35.76,Hot Chocolate,Night,Tue,Feb,2,2,2025/02/18,05:28.0
17,card,30.86,Americano with Milk,Night,Tue,Feb,2,2,2025/02/18,08:19.3
17,card,21.06,Espresso,Night,Tue,Feb,2,2,2025/02/18,09:17.3
17,card,35.76,Cocoa,Night,Tue,Feb,2,2,2025/02/18,10:22.9
17,card,35.76,Cocoa,Night,Tue,Feb,2,2,2025/02/18,11:35.7
19,card,35.76,Cocoa,Night,Tue,Feb,2,2,2025/02/18,36:27.3
20,card,35.76,Cocoa,Night,Tue,Feb,2,2,2025/02/18,06:56.2
20,card,35.76,Hot Chocolate,Night,Tue,Feb,2,2,2025/02/18,58:12.6
21,card,30.86,Americano with Milk,Night,Tue,Feb,2,2,2025/02/18,01:59.6
8,card,35.76,Cappuccino,Morning,Wed,Feb,3,2,2025/02/19,08:53.0
8,card,25.96,Americano,Morning,Wed,Feb,3,2,2025/02/19,09:54.1
8,card,25.96,Americano,Morning,Wed,Feb,3,2,2025/02/19,47:32.8
9,card,35.76,Cappuccino,Morning,Wed,Feb,3,2,2025/02/19,24:32.0
10,card,25.96,Americano,Morning,Wed,Feb,3,2,2025/02/19,09:51.0
10,card,35.76,Hot Chocolate,Morning,Wed,Feb,3,2,2025/02/19,19:01.3
10,card,30.86,Americano with Milk,Morning,Wed,Feb,3,2,2025/02/19,40:51.6
12,card,25.96,Americano,Afternoon,Wed,Feb,3,2,2025/02/19,45:06.1
12,card,35.76,Cocoa,Afternoon,Wed,Feb,3,2,2025/02/19,46:04.0
13,card,25.96,Americano,Afternoon,Wed,Feb,3,2,2025/02/19,06:54.4
15,card,35.76,Cappuccino,Afternoon,Wed,Feb,3,2,2025/02/19,50:42.8
17,card,25.96,Americano,Night,Wed,Feb,3,2,2025/02/19,04:00.3
17,card,35.76,Cappuccino,Night,Wed,Feb,3,2,2025/02/19,34:49.1
17,card,30.86,Americano with Milk,Night,Wed,Feb,3,2,2025/02/19,57:52.0
18,card,35.76,Cappuccino,Night,Wed,Feb,3,2,2025/02/19,35:38.8
19,card,35.76,Latte,Night,Wed,Feb,3,2,2025/02/19,01:33.1
19,card,35.76,Cocoa,Night,Wed,Feb,3,2,2025/02/19,11:50.0
19,card,35.76,Hot Chocolate,Night,Wed,Feb,3,2,2025/02/19,12:42.8
19,card,35.76,Latte,Night,Wed,Feb,3,2,2025/02/19,26:23.0
20,card,35.76,Cocoa,Night,Wed,Feb,3,2,2025/02/19,05:28.4
7,card,35.76,Cappuccino,Morning,Thu,Feb,4,2,2025/02/20,56:24.6
9,card,25.96,Americano,Morning,Thu,Feb,4,2,2025/02/20,17:53.3
10,card,35.76,Cappuccino,Morning,Thu,Feb,4,2,2025/02/20,16:40.4
10,card,25.96,Americano,Morning,Thu,Feb,4,2,2025/02/20,17:38.7
10,card,25.96,Americano,Morning,Thu,Feb,4,2,2025/02/20,20:24.9
10,card,25.96,Americano,Morning,Thu,Feb,4,2,2025/02/20,24:23.5
13,card,30.86,Americano with Milk,Afternoon,Thu,Feb,4,2,2025/02/20,02:19.8
14,card,35.76,Latte,Afternoon,Thu,Feb,4,2,2025/02/20,20:33.1
14,card,25.96,Americano,Afternoon,Thu,Feb,4,2,2025/02/20,37:59.8
14,card,25.96,Americano,Afternoon,Thu,Feb,4,2,2025/02/20,38:49.3
15,card,21.06,Espresso,Afternoon,Thu,Feb,4,2,2025/02/20,19:45.6
16,card,35.76,Cappuccino,Afternoon,Thu,Feb,4,2,2025/02/20,05:49.5
16,card,35.76,Cappuccino,Afternoon,Thu,Feb,4,2,2025/02/20,59:06.6
17,card,35.76,Hot Chocolate,Night,Thu,Feb,4,2,2025/02/20,00:36.9
17,card,25.96,Americano,Night,Thu,Feb,4,2,2025/02/20,07:28.0
18,card,25.96,Americano,Night,Thu,Feb,4,2,2025/02/20,57:34.6
19,card,35.76,Hot Chocolate,Night,Thu,Feb,4,2,2025/02/20,01:51.3
19,card,35.76,Cocoa,Night,Thu,Feb,4,2,2025/02/20,07:25.6
20,card,35.76,Latte,Night,Thu,Feb,4,2,2025/02/20,07:03.6
6,card,25.96,Americano,Morning,Fri,Feb,5,2,2025/02/21,59:08.4
9,card,35.76,Latte,Morning,Fri,Feb,5,2,2025/02/21,41:29.6
9,card,35.76,Cappuccino,Morning,Fri,Feb,5,2,2025/02/21,49:20.9
9,card,21.06,Espresso,Morning,Fri,Feb,5,2,2025/02/21,51:12.6
10,card,25.96,Americano,Morning,Fri,Feb,5,2,2025/02/21,18:11.0
11,card,30.86,Americano with Milk,Morning,Fri,Feb,5,2,2025/02/21,10:07.5
12,card,25.96,Americano,Afternoon,Fri,Feb,5,2,2025/02/21,04:49.2
12,card,25.96,Americano,Afternoon,Fri,Feb,5,2,2025/02/21,07:42.8
12,card,25.96,Americano,Afternoon,Fri,Feb,5,2,2025/02/21,56:18.0
12,card,25.96,Americano,Afternoon,Fri,Feb,5,2,2025/02/21,57:02.9
13,card,25.96,Americano,Afternoon,Fri,Feb,5,2,2025/02/21,06:42.9
14,card,25.96,Americano,Afternoon,Fri,Feb,5,2,2025/02/21,17:54.8
15,card,35.76,Cappuccino,Afternoon,Fri,Feb,5,2,2025/02/21,18:31.3
15,card,25.96,Americano,Afternoon,Fri,Feb,5,2,2025/02/21,45:54.2
15,card,25.96,Americano,Afternoon,Fri,Feb,5,2,2025/02/21,46:48.3
15,card,25.96,Americano,Afternoon,Fri,Feb,5,2,2025/02/21,52:48.0
16,card,35.76,Cocoa,Afternoon,Fri,Feb,5,2,2025/02/21,10:06.1
16,card,35.76,Latte,Afternoon,Fri,Feb,5,2,2025/02/21,46:58.7
16,card,35.76,Hot Chocolate,Afternoon,Fri,Feb,5,2,2025/02/21,48:58.5
16,card,35.76,Latte,Afternoon,Fri,Feb,5,2,2025/02/21,50:13.4
19,card,35.76,Cocoa,Night,Fri,Feb,5,2,2025/02/21,08:18.8
19,card,35.76,Cocoa,Night,Fri,Feb,5,2,2025/02/21,09:09.6
19,card,35.76,Cappuccino,Night,Fri,Feb,5,2,2025/02/21,59:24.1
10,card,35.76,Hot Chocolate,Morning,Sat,Feb,6,2,2025/02/22,52:18.7
11,card,25.96,Americano,Morning,Sat,Feb,6,2,2025/02/22,28:30.5
11,card,25.96,Americano,Morning,Sat,Feb,6,2,2025/02/22,41:12.8
12,card,21.06,Espresso,Afternoon,Sat,Feb,6,2,2025/02/22,59:41.9
15,card,30.86,Americano with Milk,Afternoon,Sat,Feb,6,2,2025/02/22,03:03.3
10,card,30.86,Americano with Milk,Morning,Sun,Feb,7,2,2025/02/23,33:11.5
12,card,30.86,Americano with Milk,Afternoon,Sun,Feb,7,2,2025/02/23,52:26.4
12,card,30.86,Americano with Milk,Afternoon,Sun,Feb,7,2,2025/02/23,54:06.2
13,card,35.76,Cappuccino,Afternoon,Sun,Feb,7,2,2025/02/23,50:21.6
14,card,35.76,Cocoa,Afternoon,Sun,Feb,7,2,2025/02/23,02:03.4
17,card,25.96,Americano,Night,Sun,Feb,7,2,2025/02/23,27:44.9
9,card,30.86,Americano with Milk,Morning,Mon,Feb,1,2,2025/02/24,14:53.6
9,card,35.76,Latte,Morning,Mon,Feb,1,2,2025/02/24,45:10.7
10,card,25.96,Americano,Morning,Mon,Feb,1,2,2025/02/24,02:48.5
10,card,30.86,Americano with Milk,Morning,Mon,Feb,1,2,2025/02/24,09:12.5
10,card,30.86,Americano with Milk,Morning,Mon,Feb,1,2,2025/02/24,10:21.7
10,card,35.76,Cocoa,Morning,Mon,Feb,1,2,2025/02/24,47:47.7
12,card,35.76,Latte,Afternoon,Mon,Feb,1,2,2025/02/24,58:41.3
13,card,35.76,Cocoa,Afternoon,Mon,Feb,1,2,2025/02/24,00:01.3
15,card,30.86,Americano with Milk,Afternoon,Mon,Feb,1,2,2025/02/24,40:01.8
16,card,35.76,Cocoa,Afternoon,Mon,Feb,1,2,2025/02/24,00:06.3
16,card,35.76,Cappuccino,Afternoon,Mon,Feb,1,2,2025/02/24,10:24.0
16,card,35.76,Latte,Afternoon,Mon,Feb,1,2,2025/02/24,28:52.1
16,card,25.96,Americano,Afternoon,Mon,Feb,1,2,2025/02/24,59:38.5
17,card,25.96,Americano,Night,Mon,Feb,1,2,2025/02/24,00:44.9
17,card,30.86,Americano with Milk,Night,Mon,Feb,1,2,2025/02/24,37:38.9
18,card,30.86,Americano with Milk,Night,Mon,Feb,1,2,2025/02/24,07:01.7
18,card,35.76,Latte,Night,Mon,Feb,1,2,2025/02/24,21:57.2
19,card,30.86,Americano with Milk,Night,Mon,Feb,1,2,2025/02/24,04:34.4
19,card,35.76,Hot Chocolate,Night,Mon,Feb,1,2,2025/02/24,24:10.8
19,card,35.76,Latte,Night,Mon,Feb,1,2,2025/02/24,24:54.4
19,card,35.76,Cocoa,Night,Mon,Feb,1,2,2025/02/24,26:14.8
20,card,35.76,Cocoa,Night,Mon,Feb,1,2,2025/02/24,14:51.3
8,card,30.86,Americano with Milk,Morning,Tue,Feb,2,2,2025/02/25,00:39.3
8,card,25.96,Americano,Morning,Tue,Feb,2,2,2025/02/25,49:21.1
8,card,30.86,Americano with Milk,Morning,Tue,Feb,2,2,2025/02/25,50:14.3
10,card,21.06,Espresso,Morning,Tue,Feb,2,2,2025/02/25,02:44.9
11,card,25.96,Americano,Morning,Tue,Feb,2,2,2025/02/25,03:33.9
11,card,25.96,Americano,Morning,Tue,Feb,2,2,2025/02/25,04:26.9
12,card,35.76,Cappuccino,Afternoon,Tue,Feb,2,2,2025/02/25,20:41.5
14,card,35.76,Cappuccino,Afternoon,Tue,Feb,2,2,2025/02/25,14:18.5
16,card,25.96,Americano,Afternoon,Tue,Feb,2,2,2025/02/25,49:37.4
16,card,25.96,Americano,Afternoon,Tue,Feb,2,2,2025/02/25,50:35.8
18,card,35.76,Cocoa,Night,Tue,Feb,2,2,2025/02/25,19:09.1
19,card,35.76,Cappuccino,Night,Tue,Feb,2,2,2025/02/25,32:40.4
8,card,25.96,Americano,Morning,Wed,Feb,3,2,2025/02/26,57:37.2
10,card,30.86,Americano with Milk,Morning,Wed,Feb,3,2,2025/02/26,11:27.1
10,card,30.86,Americano with Milk,Morning,Wed,Feb,3,2,2025/02/26,12:25.5
10,card,35.76,Hot Chocolate,Morning,Wed,Feb,3,2,2025/02/26,16:57.1
13,card,35.76,Cocoa,Afternoon,Wed,Feb,3,2,2025/02/26,13:26.9
13,card,35.76,Latte,Afternoon,Wed,Feb,3,2,2025/02/26,31:23.6
15,card,25.96,Americano,Afternoon,Wed,Feb,3,2,2025/02/26,01:58.6
15,card,25.96,Americano,Afternoon,Wed,Feb,3,2,2025/02/26,14:48.0
15,card,25.96,Cortado,Afternoon,Wed,Feb,3,2,2025/02/26,17:24.5
15,card,35.76,Hot Chocolate,Afternoon,Wed,Feb,3,2,2025/02/26,20:02.8
15,card,25.96,Americano,Afternoon,Wed,Feb,3,2,2025/02/26,20:48.8
15,card,25.96,Americano,Afternoon,Wed,Feb,3,2,2025/02/26,28:45.3
16,card,35.76,Latte,Afternoon,Wed,Feb,3,2,2025/02/26,20:46.8
16,card,35.76,Hot Chocolate,Afternoon,Wed,Feb,3,2,2025/02/26,55:13.6
16,card,35.76,Latte,Afternoon,Wed,Feb,3,2,2025/02/26,55:59.6
17,card,30.86,Americano with Milk,Night,Wed,Feb,3,2,2025/02/26,22:44.6
18,card,35.76,Latte,Night,Wed,Feb,3,2,2025/02/26,11:24.1
18,card,35.76,Cappuccino,Night,Wed,Feb,3,2,2025/02/26,13:50.4
7,card,35.76,Cappuccino,Morning,Thu,Feb,4,2,2025/02/27,19:00.3
7,card,35.76,Cappuccino,Morning,Thu,Feb,4,2,2025/02/27,21:00.6
10,card,21.06,Espresso,Morning,Thu,Feb,4,2,2025/02/27,52:29.2
11,card,35.76,Cocoa,Morning,Thu,Feb,4,2,2025/02/27,08:16.9
12,card,35.76,Cocoa,Afternoon,Thu,Feb,4,2,2025/02/27,48:15.9
13,card,30.86,Americano with Milk,Afternoon,Thu,Feb,4,2,2025/02/27,29:48.4
14,card,25.96,Americano,Afternoon,Thu,Feb,4,2,2025/02/27,23:16.5
14,card,35.76,Latte,Afternoon,Thu,Feb,4,2,2025/02/27,43:19.3
15,card,25.96,Americano,Afternoon,Thu,Feb,4,2,2025/02/27,47:50.7
16,card,25.96,Americano,Afternoon,Thu,Feb,4,2,2025/02/27,28:28.1
17,card,25.96,Americano,Night,Thu,Feb,4,2,2025/02/27,12:56.0
17,card,25.96,Americano,Night,Thu,Feb,4,2,2025/02/27,23:10.0
17,card,35.76,Latte,Night,Thu,Feb,4,2,2025/02/27,53:13.1
18,card,35.76,Latte,Night,Thu,Feb,4,2,2025/02/27,17:29.0
18,card,35.76,Cappuccino,Night,Thu,Feb,4,2,2025/02/27,38:40.9
18,card,35.76,Cocoa,Night,Thu,Feb,4,2,2025/02/27,40:01.8
18,card,35.76,Cocoa,Night,Thu,Feb,4,2,2025/02/27,40:52.0
19,card,35.76,Latte,Night,Thu,Feb,4,2,2025/02/27,14:15.6
20,card,35.76,Cappuccino,Night,Thu,Feb,4,2,2025/02/27,02:07.2
6,card,30.86,Americano with Milk,Morning,Fri,Feb,5,2,2025/02/28,52:45.6
6,card,30.86,Americano with Milk,Morning,Fri,Feb,5,2,2025/02/28,55:00.0
7,card,35.76,Cappuccino,Morning,Fri,Feb,5,2,2025/02/28,18:36.9
8,card,21.06,Espresso,Morning,Fri,Feb,5,2,2025/02/28,09:57.8
9,card,30.86,Americano with Milk,Morning,Fri,Feb,5,2,2025/02/28,02:38.1
14,card,25.96,Americano,Afternoon,Fri,Feb,5,2,2025/02/28,44:28.1
14,card,25.96,Americano,Afternoon,Fri,Feb,5,2,2025/02/28,45:22.0
14,card,25.96,Americano,Afternoon,Fri,Feb,5,2,2025/02/28,47:52.3
14,card,35.76,Latte,Afternoon,Fri,Feb,5,2,2025/02/28,52:02.2
15,card,25.96,Americano,Afternoon,Fri,Feb,5,2,2025/02/28,19:18.7
16,card,35.76,Cocoa,Afternoon,Fri,Feb,5,2,2025/02/28,22:27.4
16,card,25.96,Americano,Afternoon,Fri,Feb,5,2,2025/02/28,30:06.7
17,card,35.76,Latte,Night,Fri,Feb,5,2,2025/02/28,21:00.9
17,card,30.86,Americano with Milk,Night,Fri,Feb,5,2,2025/02/28,31:04.3
17,card,25.96,Americano,Night,Fri,Feb,5,2,2025/02/28,32:16.6
17,card,25.96,Americano,Night,Fri,Feb,5,2,2025/02/28,33:49.1
18,card,35.76,Latte,Night,Fri,Feb,5,2,2025/02/28,53:49.5
10,card,35.76,Cappuccino,Morning,Sat,Mar,6,3,2025/03/01,31:45.7
11,card,25.96,Americano,Morning,Sat,Mar,6,3,2025/03/01,24:04.5
11,card,25.96,Americano,Morning,Sat,Mar,6,3,2025/03/01,27:58.4
14,card,35.76,Latte,Afternoon,Sat,Mar,6,3,2025/03/01,43:23.8
15,card,25.96,Americano,Afternoon,Sat,Mar,6,3,2025/03/01,02:31.5
15,card,30.86,Americano with Milk,Afternoon,Sat,Mar,6,3,2025/03/01,08:20.2
16,card,35.76,Cappuccino,Afternoon,Sat,Mar,6,3,2025/03/01,42:13.0
17,card,25.96,Americano,Night,Sat,Mar,6,3,2025/03/01,08:33.5
9,card,35.76,Cocoa,Morning,Sun,Mar,7,3,2025/03/02,58:15.3
12,card,35.76,Latte,Afternoon,Sun,Mar,7,3,2025/03/02,17:36.4
13,card,30.86,Americano with Milk,Afternoon,Sun,Mar,7,3,2025/03/02,36:19.5
15,card,30.86,Americano with Milk,Afternoon,Sun,Mar,7,3,2025/03/02,22:17.5
15,card,25.96,Americano,Afternoon,Sun,Mar,7,3,2025/03/02,23:15.7
15,card,25.96,Americano,Afternoon,Sun,Mar,7,3,2025/03/02,24:45.2
8,card,35.76,Cappuccino,Morning,Mon,Mar,1,3,2025/03/03,24:01.9
9,card,35.76,Cocoa,Morning,Mon,Mar,1,3,2025/03/03,46:52.0
9,card,35.76,Latte,Morning,Mon,Mar,1,3,2025/03/03,48:39.3
10,card,35.76,Hot Chocolate,Morning,Mon,Mar,1,3,2025/03/03,21:24.6
10,card,35.76,Hot Chocolate,Morning,Mon,Mar,1,3,2025/03/03,24:46.7
12,card,35.76,Cappuccino,Afternoon,Mon,Mar,1,3,2025/03/03,58:08.1
15,card,35.76,Latte,Afternoon,Mon,Mar,1,3,2025/03/03,11:01.2
15,card,25.96,Americano,Afternoon,Mon,Mar,1,3,2025/03/03,47:58.8
16,card,35.76,Cocoa,Afternoon,Mon,Mar,1,3,2025/03/03,14:50.5
16,card,35.76,Latte,Afternoon,Mon,Mar,1,3,2025/03/03,16:35.2
16,card,35.76,Latte,Afternoon,Mon,Mar,1,3,2025/03/03,18:27.1
16,card,35.76,Cappuccino,Afternoon,Mon,Mar,1,3,2025/03/03,40:29.3
16,card,35.76,Cappuccino,Afternoon,Mon,Mar,1,3,2025/03/03,42:22.6
16,card,25.96,Americano,Afternoon,Mon,Mar,1,3,2025/03/03,52:11.6
17,card,30.86,Americano with Milk,Night,Mon,Mar,1,3,2025/03/03,28:42.8
17,card,25.96,Americano,Night,Mon,Mar,1,3,2025/03/03,31:22.4
17,card,35.76,Hot Chocolate,Night,Mon,Mar,1,3,2025/03/03,32:18.4
17,card,25.96,Americano,Night,Mon,Mar,1,3,2025/03/03,32:58.8
17,card,35.76,Hot Chocolate,Night,Mon,Mar,1,3,2025/03/03,57:32.7
17,card,35.76,Hot Chocolate,Night,Mon,Mar,1,3,2025/03/03,58:27.3
18,card,30.86,Americano with Milk,Night,Mon,Mar,1,3,2025/03/03,03:05.0
18,card,35.76,Latte,Night,Mon,Mar,1,3,2025/03/03,46:52.6
7,card,35.76,Cappuccino,Morning,Tue,Mar,2,3,2025/03/04,19:21.9
7,card,25.96,Americano,Morning,Tue,Mar,2,3,2025/03/04,31:55.4
8,card,30.86,Americano with Milk,Morning,Tue,Mar,2,3,2025/03/04,51:45.3
9,card,25.96,Americano,Morning,Tue,Mar,2,3,2025/03/04,09:31.9
9,card,25.96,Americano,Morning,Tue,Mar,2,3,2025/03/04,10:22.2
9,card,25.96,Americano,Morning,Tue,Mar,2,3,2025/03/04,58:37.2
11,card,30.86,Americano with Milk,Morning,Tue,Mar,2,3,2025/03/04,04:02.0
11,card,25.96,Americano,Morning,Tue,Mar,2,3,2025/03/04,05:07.0
11,card,25.96,Americano,Morning,Tue,Mar,2,3,2025/03/04,46:41.1
11,card,25.96,Americano,Morning,Tue,Mar,2,3,2025/03/04,47:24.5
11,card,25.96,Americano,Morning,Tue,Mar,2,3,2025/03/04,51:34.8
12,card,35.76,Cocoa,Afternoon,Tue,Mar,2,3,2025/03/04,25:59.2
16,card,25.96,Americano,Afternoon,Tue,Mar,2,3,2025/03/04,48:58.4
18,card,35.76,Cocoa,Night,Tue,Mar,2,3,2025/03/04,43:21.9
19,card,35.76,Latte,Night,Tue,Mar,2,3,2025/03/04,10:09.5
20,card,35.76,Latte,Night,Tue,Mar,2,3,2025/03/04,09:00.6
8,card,30.86,Americano with Milk,Morning,Wed,Mar,3,3,2025/03/05,39:51.6
9,card,25.96,Americano,Morning,Wed,Mar,3,3,2025/03/05,38:24.3
10,card,25.96,Americano,Morning,Wed,Mar,3,3,2025/03/05,01:14.3
10,card,25.96,Americano,Morning,Wed,Mar,3,3,2025/03/05,02:04.3
10,card,35.76,Cappuccino,Morning,Wed,Mar,3,3,2025/03/05,10:50.5
10,card,30.86,Americano with Milk,Morning,Wed,Mar,3,3,2025/03/05,40:34.8
11,card,35.76,Cappuccino,Morning,Wed,Mar,3,3,2025/03/05,08:31.6
11,card,35.76,Cocoa,Morning,Wed,Mar,3,3,2025/03/05,10:54.2
11,card,25.96,Americano,Morning,Wed,Mar,3,3,2025/03/05,38:51.2
11,card,25.96,Americano,Morning,Wed,Mar,3,3,2025/03/05,41:22.4
12,card,25.96,Americano,Afternoon,Wed,Mar,3,3,2025/03/05,12:56.3
15,card,35.76,Latte,Afternoon,Wed,Mar,3,3,2025/03/05,07:50.6
15,card,35.76,Latte,Afternoon,Wed,Mar,3,3,2025/03/05,21:35.8
15,card,35.76,Hot Chocolate,Afternoon,Wed,Mar,3,3,2025/03/05,25:11.4
17,card,30.86,Americano with Milk,Night,Wed,Mar,3,3,2025/03/05,09:57.0
17,card,21.06,Espresso,Night,Wed,Mar,3,3,2025/03/05,16:23.6
17,card,35.76,Latte,Night,Wed,Mar,3,3,2025/03/05,31:40.9
18,card,35.76,Cappuccino,Night,Wed,Mar,3,3,2025/03/05,13:27.0
19,card,35.76,Cocoa,Night,Wed,Mar,3,3,2025/03/05,02:56.8
9,card,35.76,Hot Chocolate,Morning,Thu,Mar,4,3,2025/03/06,33:39.3
9,card,21.06,Espresso,Morning,Thu,Mar,4,3,2025/03/06,35:52.9
10,card,30.86,Americano with Milk,Morning,Thu,Mar,4,3,2025/03/06,48:04.9
10,card,25.96,Americano,Morning,Thu,Mar,4,3,2025/03/06,56:47.4
10,card,25.96,Americano,Morning,Thu,Mar,4,3,2025/03/06,57:35.0
11,card,25.96,Americano,Morning,Thu,Mar,4,3,2025/03/06,05:43.6
11,card,35.76,Cappuccino,Morning,Thu,Mar,4,3,2025/03/06,17:38.0
13,card,35.76,Latte,Afternoon,Thu,Mar,4,3,2025/03/06,51:33.1
16,card,30.86,Americano with Milk,Afternoon,Thu,Mar,4,3,2025/03/06,06:47.3
17,card,35.76,Cocoa,Night,Thu,Mar,4,3,2025/03/06,49:11.2
18,card,35.76,Cappuccino,Night,Thu,Mar,4,3,2025/03/06,27:11.7
19,card,30.86,Americano with Milk,Night,Thu,Mar,4,3,2025/03/06,22:10.7
7,card,35.76,Cappuccino,Morning,Fri,Mar,5,3,2025/03/07,05:42.3
8,card,25.96,Americano,Morning,Fri,Mar,5,3,2025/03/07,45:10.9
8,card,25.96,Americano,Morning,Fri,Mar,5,3,2025/03/07,46:03.8
9,card,25.96,Americano,Morning,Fri,Mar,5,3,2025/03/07,02:40.8
10,card,35.76,Hot Chocolate,Morning,Fri,Mar,5,3,2025/03/07,09:57.9
10,card,30.86,Americano with Milk,Morning,Fri,Mar,5,3,2025/03/07,26:34.9
10,card,30.86,Americano with Milk,Morning,Fri,Mar,5,3,2025/03/07,27:32.5
10,card,35.76,Cocoa,Morning,Fri,Mar,5,3,2025/03/07,41:45.8
11,card,35.76,Cocoa,Morning,Fri,Mar,5,3,2025/03/07,50:59.5
12,card,30.86,Americano with Milk,Afternoon,Fri,Mar,5,3,2025/03/07,03:46.2
13,card,35.76,Hot Chocolate,Afternoon,Fri,Mar,5,3,2025/03/07,43:48.4
13,card,25.96,Americano,Afternoon,Fri,Mar,5,3,2025/03/07,55:31.6
14,card,35.76,Cappuccino,Afternoon,Fri,Mar,5,3,2025/03/07,53:30.2
15,card,35.76,Latte,Afternoon,Fri,Mar,5,3,2025/03/07,09:04.3
15,card,35.76,Latte,Afternoon,Fri,Mar,5,3,2025/03/07,52:53.0
17,card,35.76,Latte,Night,Fri,Mar,5,3,2025/03/07,10:29.3
17,card,35.76,Hot Chocolate,Night,Fri,Mar,5,3,2025/03/07,12:23.6
9,card,30.86,Americano with Milk,Morning,Sat,Mar,6,3,2025/03/08,23:44.5
9,card,30.86,Americano with Milk,Morning,Sat,Mar,6,3,2025/03/08,41:52.9
10,card,25.96,Americano,Morning,Sat,Mar,6,3,2025/03/08,54:13.6
11,card,25.96,Americano,Morning,Sat,Mar,6,3,2025/03/08,19:45.6
11,card,25.96,Americano,Morning,Sat,Mar,6,3,2025/03/08,20:32.4
12,card,30.86,Americano with Milk,Afternoon,Sat,Mar,6,3,2025/03/08,41:19.8
12,card,25.96,Americano,Afternoon,Sat,Mar,6,3,2025/03/08,45:05.3
13,card,35.76,Cappuccino,Afternoon,Sat,Mar,6,3,2025/03/08,40:06.1
9,card,21.06,Espresso,Morning,Sun,Mar,7,3,2025/03/09,42:03.9
11,card,30.86,Americano with Milk,Morning,Sun,Mar,7,3,2025/03/09,25:53.2
13,card,35.76,Cappuccino,Afternoon,Sun,Mar,7,3,2025/03/09,51:56.3
14,card,25.96,Americano,Afternoon,Sun,Mar,7,3,2025/03/09,18:30.1
15,card,35.76,Cappuccino,Afternoon,Sun,Mar,7,3,2025/03/09,12:41.4
15,card,25.96,Americano,Afternoon,Sun,Mar,7,3,2025/03/09,39:07.1
15,card,30.86,Americano with Milk,Afternoon,Sun,Mar,7,3,2025/03/09,52:39.3
15,card,35.76,Cocoa,Afternoon,Sun,Mar,7,3,2025/03/09,53:40.4
8,card,25.96,Americano,Morning,Mon,Mar,1,3,2025/03/10,34:43.5
8,card,35.76,Latte,Morning,Mon,Mar,1,3,2025/03/10,35:40.5
9,card,30.86,Americano with Milk,Morning,Mon,Mar,1,3,2025/03/10,06:27.6
9,card,35.76,Hot Chocolate,Morning,Mon,Mar,1,3,2025/03/10,19:28.9
9,card,35.76,Cocoa,Morning,Mon,Mar,1,3,2025/03/10,50:54.1
10,card,35.76,Hot Chocolate,Morning,Mon,Mar,1,3,2025/03/10,18:57.1
12,card,25.96,Americano,Afternoon,Mon,Mar,1,3,2025/03/10,36:14.8
15,card,25.96,Americano,Afternoon,Mon,Mar,1,3,2025/03/10,32:09.5
15,card,35.76,Hot Chocolate,Afternoon,Mon,Mar,1,3,2025/03/10,41:57.9
16,card,35.76,Latte,Afternoon,Mon,Mar,1,3,2025/03/10,18:00.6
16,card,35.76,Latte,Afternoon,Mon,Mar,1,3,2025/03/10,18:54.2
16,card,35.76,Cappuccino,Afternoon,Mon,Mar,1,3,2025/03/10,24:25.4
16,card,30.86,Americano with Milk,Afternoon,Mon,Mar,1,3,2025/03/10,25:32.5
18,card,25.96,Americano,Night,Mon,Mar,1,3,2025/03/10,15:54.2
18,card,35.76,Latte,Night,Mon,Mar,1,3,2025/03/10,48:30.2
18,card,35.76,Latte,Night,Mon,Mar,1,3,2025/03/10,49:22.3
19,card,30.86,Americano with Milk,Night,Mon,Mar,1,3,2025/03/10,26:42.9
8,card,25.96,Americano,Morning,Tue,Mar,2,3,2025/03/11,46:25.6
9,card,35.76,Cappuccino,Morning,Tue,Mar,2,3,2025/03/11,12:27.7
9,card,35.76,Latte,Morning,Tue,Mar,2,3,2025/03/11,27:04.4
10,card,25.96,Americano,Morning,Tue,Mar,2,3,2025/03/11,26:57.8
12,card,25.96,Americano,Afternoon,Tue,Mar,2,3,2025/03/11,33:20.4
13,card,25.96,Americano,Afternoon,Tue,Mar,2,3,2025/03/11,16:54.7
16,card,35.76,Hot Chocolate,Afternoon,Tue,Mar,2,3,2025/03/11,29:31.1
16,card,35.76,Cocoa,Afternoon,Tue,Mar,2,3,2025/03/11,30:16.1
16,card,35.76,Hot Chocolate,Afternoon,Tue,Mar,2,3,2025/03/11,49:40.8
17,card,35.76,Cappuccino,Night,Tue,Mar,2,3,2025/03/11,46:50.2
18,card,30.86,Americano with Milk,Night,Tue,Mar,2,3,2025/03/11,56:52.1
19,card,35.76,Latte,Night,Tue,Mar,2,3,2025/03/11,07:14.4
20,card,35.76,Cocoa,Night,Tue,Mar,2,3,2025/03/11,08:56.3
11,card,35.76,Cocoa,Morning,Wed,Mar,3,3,2025/03/12,11:39.4
11,card,30.86,Americano with Milk,Morning,Wed,Mar,3,3,2025/03/12,47:34.3
11,card,35.76,Cappuccino,Morning,Wed,Mar,3,3,2025/03/12,50:15.4
11,card,25.96,Americano,Morning,Wed,Mar,3,3,2025/03/12,55:55.9
11,card,25.96,Americano,Morning,Wed,Mar,3,3,2025/03/12,56:48.9
12,card,25.96,Americano,Afternoon,Wed,Mar,3,3,2025/03/12,06:11.1
12,card,35.76,Hot Chocolate,Afternoon,Wed,Mar,3,3,2025/03/12,55:38.4
13,card,35.76,Latte,Afternoon,Wed,Mar,3,3,2025/03/12,01:49.3
13,card,35.76,Latte,Afternoon,Wed,Mar,3,3,2025/03/12,56:23.6
16,card,35.76,Cappuccino,Afternoon,Wed,Mar,3,3,2025/03/12,27:37.2
16,card,35.76,Latte,Afternoon,Wed,Mar,3,3,2025/03/12,35:04.0
16,card,35.76,Latte,Afternoon,Wed,Mar,3,3,2025/03/12,36:00.7
18,card,25.96,Americano,Night,Wed,Mar,3,3,2025/03/12,10:34.2
18,card,35.76,Cocoa,Night,Wed,Mar,3,3,2025/03/12,17:17.8
18,card,25.96,Americano,Night,Wed,Mar,3,3,2025/03/12,24:40.5
18,card,35.76,Cappuccino,Night,Wed,Mar,3,3,2025/03/12,38:56.6
18,card,25.96,Americano,Night,Wed,Mar,3,3,2025/03/12,42:13.7
7,card,35.76,Cappuccino,Morning,Thu,Mar,4,3,2025/03/13,01:36.4
8,card,30.86,Americano with Milk,Morning,Thu,Mar,4,3,2025/03/13,23:17.5
9,card,30.86,Americano with Milk,Morning,Thu,Mar,4,3,2025/03/13,04:47.3
9,card,35.76,Latte,Morning,Thu,Mar,4,3,2025/03/13,20:09.5
9,card,21.06,Espresso,Morning,Thu,Mar,4,3,2025/03/13,22:04.6
9,card,25.96,Americano,Morning,Thu,Mar,4,3,2025/03/13,38:19.6
9,card,30.86,Americano with Milk,Morning,Thu,Mar,4,3,2025/03/13,39:14.6
11,card,25.96,Americano,Morning,Thu,Mar,4,3,2025/03/13,18:02.3
12,card,35.76,Latte,Afternoon,Thu,Mar,4,3,2025/03/13,13:37.4
14,card,30.86,Americano with Milk,Afternoon,Thu,Mar,4,3,2025/03/13,53:50.0
14,card,25.96,Americano,Afternoon,Thu,Mar,4,3,2025/03/13,55:31.6
18,card,35.76,Cappuccino,Night,Thu,Mar,4,3,2025/03/13,47:43.6
7,card,25.96,Americano,Morning,Fri,Mar,5,3,2025/03/14,55:06.0
8,card,30.86,Americano with Milk,Morning,Fri,Mar,5,3,2025/03/14,13:40.2
8,card,25.96,Americano,Morning,Fri,Mar,5,3,2025/03/14,59:26.8
9,card,35.76,Latte,Morning,Fri,Mar,5,3,2025/03/14,00:29.9
9,card,21.06,Espresso,Morning,Fri,Mar,5,3,2025/03/14,26:07.9
9,card,25.96,Americano,Morning,Fri,Mar,5,3,2025/03/14,28:37.2
10,card,25.96,Americano,Morning,Fri,Mar,5,3,2025/03/14,20:51.3
10,card,35.76,Latte,Morning,Fri,Mar,5,3,2025/03/14,48:22.8
10,card,35.76,Cappuccino,Morning,Fri,Mar,5,3,2025/03/14,49:27.8
14,card,25.96,Americano,Afternoon,Fri,Mar,5,3,2025/03/14,35:17.3
14,card,35.76,Latte,Afternoon,Fri,Mar,5,3,2025/03/14,36:21.8
15,card,35.76,Latte,Afternoon,Fri,Mar,5,3,2025/03/14,54:21.0
15,card,35.76,Latte,Afternoon,Fri,Mar,5,3,2025/03/14,55:40.8
16,card,25.96,Americano,Afternoon,Fri,Mar,5,3,2025/03/14,27:04.0
16,card,35.76,Cocoa,Afternoon,Fri,Mar,5,3,2025/03/14,31:00.2
16,card,35.76,Cocoa,Afternoon,Fri,Mar,5,3,2025/03/14,31:55.1
16,card,35.76,Cocoa,Afternoon,Fri,Mar,5,3,2025/03/14,32:40.2
17,card,25.96,Americano,Night,Fri,Mar,5,3,2025/03/14,05:24.1
17,card,25.96,Americano,Night,Fri,Mar,5,3,2025/03/14,22:14.7
17,card,35.76,Latte,Night,Fri,Mar,5,3,2025/03/14,27:15.3
17,card,35.76,Latte,Night,Fri,Mar,5,3,2025/03/14,28:38.3
20,card,25.96,Americano,Night,Fri,Mar,5,3,2025/03/14,20:22.0
21,card,25.96,Americano,Night,Fri,Mar,5,3,2025/03/14,40:43.6
9,card,30.86,Americano with Milk,Morning,Sat,Mar,6,3,2025/03/15,53:22.3
10,card,35.76,Cappuccino,Morning,Sat,Mar,6,3,2025/03/15,03:22.5
13,card,25.96,Americano,Afternoon,Sat,Mar,6,3,2025/03/15,55:42.0
17,card,35.76,Cappuccino,Night,Sat,Mar,6,3,2025/03/15,10:23.4
17,card,30.86,Americano with Milk,Night,Sat,Mar,6,3,2025/03/15,12:08.4
19,card,30.86,Americano with Milk,Night,Sat,Mar,6,3,2025/03/15,30:36.5
19,card,35.76,Cappuccino,Night,Sat,Mar,6,3,2025/03/15,51:27.1
9,card,35.76,Cappuccino,Morning,Sun,Mar,7,3,2025/03/16,32:17.3
9,card,30.86,Americano with Milk,Morning,Sun,Mar,7,3,2025/03/16,36:23.2
10,card,35.76,Latte,Morning,Sun,Mar,7,3,2025/03/16,50:09.4
12,card,35.76,Hot Chocolate,Afternoon,Sun,Mar,7,3,2025/03/16,00:47.1
14,card,25.96,Americano,Afternoon,Sun,Mar,7,3,2025/03/16,22:42.6
6,card,25.96,Americano,Morning,Mon,Mar,1,3,2025/03/17,54:40.6
8,card,25.96,Americano,Morning,Mon,Mar,1,3,2025/03/17,09:50.1
8,card,25.96,Americano,Morning,Mon,Mar,1,3,2025/03/17,18:02.7
9,card,30.86,Americano with Milk,Morning,Mon,Mar,1,3,2025/03/17,02:59.0
10,card,25.96,Americano,Morning,Mon,Mar,1,3,2025/03/17,32:39.5
13,card,25.96,Americano,Afternoon,Mon,Mar,1,3,2025/03/17,59:01.0
14,card,35.76,Cocoa,Afternoon,Mon,Mar,1,3,2025/03/17,21:24.5
14,card,35.76,Cocoa,Afternoon,Mon,Mar,1,3,2025/03/17,22:19.7
14,card,35.76,Latte,Afternoon,Mon,Mar,1,3,2025/03/17,48:03.5
15,card,35.76,Cappuccino,Afternoon,Mon,Mar,1,3,2025/03/17,11:17.3
15,card,35.76,Latte,Afternoon,Mon,Mar,1,3,2025/03/17,47:15.9
15,card,35.76,Latte,Afternoon,Mon,Mar,1,3,2025/03/17,48:58.5
16,card,25.96,Americano,Afternoon,Mon,Mar,1,3,2025/03/17,46:44.6
8,card,30.86,Americano with Milk,Morning,Tue,Mar,2,3,2025/03/18,23:11.0
8,card,35.76,Latte,Morning,Tue,Mar,2,3,2025/03/18,33:49.6
10,card,35.76,Latte,Morning,Tue,Mar,2,3,2025/03/18,49:51.4
10,card,25.96,Americano,Morning,Tue,Mar,2,3,2025/03/18,51:17.7
11,card,35.76,Hot Chocolate,Morning,Tue,Mar,2,3,2025/03/18,47:20.0
11,card,35.76,Hot Chocolate,Morning,Tue,Mar,2,3,2025/03/18,48:55.7
14,card,30.86,Americano with Milk,Afternoon,Tue,Mar,2,3,2025/03/18,43:35.1
15,card,25.96,Americano,Afternoon,Tue,Mar,2,3,2025/03/18,03:53.4
15,card,30.86,Americano with Milk,Afternoon,Tue,Mar,2,3,2025/03/18,11:07.4
16,card,25.96,Americano,Afternoon,Tue,Mar,2,3,2025/03/18,09:07.6
16,card,35.76,Latte,Afternoon,Tue,Mar,2,3,2025/03/18,11:45.1
16,card,21.06,Espresso,Afternoon,Tue,Mar,2,3,2025/03/18,23:20.6
18,card,35.76,Cocoa,Night,Tue,Mar,2,3,2025/03/18,42:30.6
18,card,35.76,Cocoa,Night,Tue,Mar,2,3,2025/03/18,43:17.5
20,card,35.76,Cocoa,Night,Tue,Mar,2,3,2025/03/18,00:35.0
20,card,35.76,Cocoa,Night,Tue,Mar,2,3,2025/03/18,01:37.7
21,card,35.76,Latte,Night,Tue,Mar,2,3,2025/03/18,20:40.0
7,card,25.96,Americano,Morning,Wed,Mar,3,3,2025/03/19,03:07.1
7,card,25.96,Americano,Morning,Wed,Mar,3,3,2025/03/19,04:08.6
7,card,35.76,Cappuccino,Morning,Wed,Mar,3,3,2025/03/19,06:34.9
8,card,25.96,Americano,Morning,Wed,Mar,3,3,2025/03/19,03:18.3
10,card,35.76,Hot Chocolate,Morning,Wed,Mar,3,3,2025/03/19,18:39.2
11,card,25.96,Americano,Morning,Wed,Mar,3,3,2025/03/19,55:39.8
12,card,25.96,Americano,Afternoon,Wed,Mar,3,3,2025/03/19,58:27.2
15,card,35.76,Latte,Afternoon,Wed,Mar,3,3,2025/03/19,12:53.2
15,card,35.76,Latte,Afternoon,Wed,Mar,3,3,2025/03/19,14:23.4
16,card,35.76,Latte,Afternoon,Wed,Mar,3,3,2025/03/19,19:33.9
16,card,25.96,Americano,Afternoon,Wed,Mar,3,3,2025/03/19,29:56.3
16,card,35.76,Cappuccino,Afternoon,Wed,Mar,3,3,2025/03/19,40:33.8
16,card,35.76,Cappuccino,Afternoon,Wed,Mar,3,3,2025/03/19,42:16.0
16,card,25.96,Americano,Afternoon,Wed,Mar,3,3,2025/03/19,51:35.2
16,card,25.96,Americano,Afternoon,Wed,Mar,3,3,2025/03/19,52:29.7
17,card,35.76,Cocoa,Night,Wed,Mar,3,3,2025/03/19,00:00.0
17,card,30.86,Americano with Milk,Night,Wed,Mar,3,3,2025/03/19,09:55.0
17,card,30.86,Americano with Milk,Night,Wed,Mar,3,3,2025/03/19,27:39.7
18,card,25.96,Cortado,Night,Wed,Mar,3,3,2025/03/19,29:50.4
18,card,21.06,Espresso,Night,Wed,Mar,3,3,2025/03/19,30:44.0
18,card,21.06,Espresso,Night,Wed,Mar,3,3,2025/03/19,31:26.0
8,card,30.86,Americano with Milk,Morning,Thu,Mar,4,3,2025/03/20,13:16.3
9,card,30.86,Americano with Milk,Morning,Thu,Mar,4,3,2025/03/20,52:04.8
10,card,30.86,Americano with Milk,Morning,Thu,Mar,4,3,2025/03/20,06:44.3
10,card,25.96,Americano,Morning,Thu,Mar,4,3,2025/03/20,45:44.2
10,card,25.96,Americano,Morning,Thu,Mar,4,3,2025/03/20,55:17.4
12,card,25.96,Americano,Afternoon,Thu,Mar,4,3,2025/03/20,48:24.4
14,card,25.96,Americano,Afternoon,Thu,Mar,4,3,2025/03/20,04:43.9
14,card,25.96,Americano,Afternoon,Thu,Mar,4,3,2025/03/20,20:37.9
14,card,21.06,Espresso,Afternoon,Thu,Mar,4,3,2025/03/20,21:41.9
14,card,25.96,Cortado,Afternoon,Thu,Mar,4,3,2025/03/20,25:04.7
14,card,35.76,Cappuccino,Afternoon,Thu,Mar,4,3,2025/03/20,26:46.7
14,card,35.76,Cappuccino,Afternoon,Thu,Mar,4,3,2025/03/20,59:47.5
15,card,25.96,Americano,Afternoon,Thu,Mar,4,3,2025/03/20,05:22.4
15,card,25.96,Americano,Afternoon,Thu,Mar,4,3,2025/03/20,21:51.8
16,card,35.76,Cappuccino,Afternoon,Thu,Mar,4,3,2025/03/20,45:45.0
17,card,25.96,Americano,Night,Thu,Mar,4,3,2025/03/20,23:51.4
18,card,35.76,Hot Chocolate,Night,Thu,Mar,4,3,2025/03/20,55:58.7
19,card,35.76,Cocoa,Night,Thu,Mar,4,3,2025/03/20,36:41.6
19,card,35.76,Cappuccino,Night,Thu,Mar,4,3,2025/03/20,57:48.5
21,card,35.76,Latte,Night,Thu,Mar,4,3,2025/03/20,50:15.6
7,card,30.86,Americano with Milk,Morning,Fri,Mar,5,3,2025/03/21,06:12.0
7,card,30.86,Americano with Milk,Morning,Fri,Mar,5,3,2025/03/21,09:08.1
8,card,25.96,Americano,Morning,Fri,Mar,5,3,2025/03/21,16:43.7
8,card,25.96,Americano,Morning,Fri,Mar,5,3,2025/03/21,28:36.5
8,card,25.96,Americano,Morning,Fri,Mar,5,3,2025/03/21,29:20.9
8,card,35.76,Cappuccino,Morning,Fri,Mar,5,3,2025/03/21,35:19.0
11,card,25.96,Americano,Morning,Fri,Mar,5,3,2025/03/21,50:09.3
11,card,35.76,Latte,Morning,Fri,Mar,5,3,2025/03/21,51:07.5
13,card,25.96,Americano,Afternoon,Fri,Mar,5,3,2025/03/21,02:48.3
13,card,35.76,Latte,Afternoon,Fri,Mar,5,3,2025/03/21,23:57.0
14,card,35.76,Cappuccino,Afternoon,Fri,Mar,5,3,2025/03/21,11:44.1
15,card,35.76,Cappuccino,Afternoon,Fri,Mar,5,3,2025/03/21,09:03.0
15,card,25.96,Americano,Afternoon,Fri,Mar,5,3,2025/03/21,24:42.5
15,card,35.76,Latte,Afternoon,Fri,Mar,5,3,2025/03/21,28:19.6
15,card,35.76,Cappuccino,Afternoon,Fri,Mar,5,3,2025/03/21,29:32.3
17,card,35.76,Hot Chocolate,Night,Fri,Mar,5,3,2025/03/21,01:28.8
17,card,35.76,Latte,Night,Fri,Mar,5,3,2025/03/21,21:16.9
17,card,35.76,Latte,Night,Fri,Mar,5,3,2025/03/21,22:49.9
18,card,35.76,Latte,Night,Fri,Mar,5,3,2025/03/21,52:12.7
18,card,25.96,Americano,Night,Fri,Mar,5,3,2025/03/21,59:24.3
9,card,30.86,Americano with Milk,Morning,Sat,Mar,6,3,2025/03/22,05:13.1
10,card,30.86,Americano with Milk,Morning,Sat,Mar,6,3,2025/03/22,30:09.4
11,card,35.76,Hot Chocolate,Morning,Sat,Mar,6,3,2025/03/22,14:06.0
11,card,35.76,Cocoa,Morning,Sat,Mar,6,3,2025/03/22,41:20.6
12,card,30.86,Americano with Milk,Afternoon,Sat,Mar,6,3,2025/03/22,18:27.5
12,card,25.96,Americano,Afternoon,Sat,Mar,6,3,2025/03/22,25:59.7
13,card,25.96,Americano,Afternoon,Sat,Mar,6,3,2025/03/22,06:21.6
13,card,30.86,Americano with Milk,Afternoon,Sat,Mar,6,3,2025/03/22,23:17.9
15,card,21.06,Espresso,Afternoon,Sat,Mar,6,3,2025/03/22,57:58.2
16,card,35.76,Latte,Afternoon,Sat,Mar,6,3,2025/03/22,26:59.8
17,card,30.86,Americano with Milk,Night,Sat,Mar,6,3,2025/03/22,53:35.9
19,card,30.86,Americano with Milk,Night,Sat,Mar,6,3,2025/03/22,16:52.7
10,card,35.76,Latte,Morning,Sun,Mar,7,3,2025/03/23,07:11.3
10,card,35.76,Cappuccino,Morning,Sun,Mar,7,3,2025/03/23,34:54.9
14,card,35.76,Cocoa,Afternoon,Sun,Mar,7,3,2025/03/23,43:37.4
14,card,35.76,Cocoa,Afternoon,Sun,Mar,7,3,2025/03/23,44:16.9
15,card,25.96,Americano,Afternoon,Sun,Mar,7,3,2025/03/23,47:28.7
18,card,35.76,Latte,Night,Sun,Mar,7,3,2025/03/23,11:38.6
